Age,Income,Spending Score,Previous Purchases,Days Since Last Purchase,Target
1.3496296422994556,2.0998732322190468,1.6794209374336948,2.062805828709612,0.3576027338681338,0
1.3618400960214265,0.3632853898839753,0.016623024058392888,1.9862037617029689,1.679191453688037,0
0.6974544036853114,1.0390866429293752,0.6252809057393135,0.9091853884116066,0.6787249546607519,0
1.088431869723863,1.1597649619517718,0.28575919665192107,0.741756492820409,0.9584180177720811,1
3.430055696140972,1.5653726745846495,0.11139853211641326,0.217687293799816,2.6058210493018343,0
1.0241323641801166,1.5054822847113456,3.2392682997769127,2.3800190140497914,0.15450594615292212,0
1.284074033125572,0.5589059611641611,0.03812080100833526,0.9057786437874674,2.1915802010299323,1
1.1400298009387442,2.658476431854212,0.8950605556919778,0.6994603603016541,0.5886045207178778,1
0.7688754387666279,0.35244486577601764,0.719434738320313,0.30306373547045284,1.1474591792886661,0
0.4426182461055199,0.5712476595884974,0.8399940079208386,1.1555515212141847,0.6208072312428072,0
0.6086074703082403,,0.3598791334115852,0.9823816646904551,1.235040006286078,0
3.9322357317446954,0.6711436067631215,1.2978984647287497,0.11649524685897672,1.7062339666604536,0
1.288173590700942,0.8580108886327809,0.020041589945638982,2.1996296291981206,1.6203062462661713,0
0.5330571813111029,0.9881859232358072,0.7121956528494113,0.17901312613395226,2.000826518278738,1
3.3488790489674063,1.447010666774807,0.6808166021346345,0.055609365750472484,0.8818461496452176,0
0.4620868965771845,0.460316719880339,0.1328492746339761,0.8834582741401458,0.24500415141991372,1
2.9472500384018123,1.6671563371773557,0.3185971514121687,0.04176613970856535,2.7178520104467196,0
1.7145993967888908,0.7789106802120574,0.1250648968285959,0.5397156455369062,0.05488739489983452,0
0.2493440924988788,1.5968497946058424,0.6645206235649879,0.6744242533471101,0.784938359578286,1
1.355893315201107,0.771545086951487,0.12226934480032159,0.4906635619062738,0.54279043292528,0
1.9810133525975897,0.6454245039945528,1.6360307692989737,1.4196606967887693,0.6548617089875446,0
0.04765112728390708,1.6247813593972622,0.04932355991427151,1.128289319238477,0.0354028896937717,1
0.09812806875366109,0.2234236422467896,0.619793520086414,1.1191037572089797,0.1721018448984789,0
1.3294774163293979,,0.04764565665186771,0.2737699407042421,1.4288651443668177,1
1.2052666635200133,0.2661304013086679,1.356569914059451,1.148073336728893,1.5058414358502592,1
0.3396722854431232,2.963108456306708,0.17126332726452576,0.23132526912740836,2.4070631653006833,1
0.3014117829921257,0.06462103118053213,1.213092934979507,1.5912885537718167,0.10043738068302543,0
0.7157656844341258,0.28462919167275363,0.9313795541347766,0.07062977012897775,0.9030945014286265,1
1.2227894988868746,0.11929670502201714,1.4083997296218371,1.0509139657128794,1.542552785229664,0
0.2795374919520597,0.02142655372656402,0.1731745161458571,0.6590100299569935,1.1646178548693351,1
1.540002016775043,,0.40932608413566807,0.34004914413879606,1.468108679103344,1
1.3569312673553424,1.3096333636908042,0.6480693567318425,0.880144054890468,1.5044387235996326,0
2.1235631690123764,1.087102362015743,0.0859237178123804,0.07424444091930904,2.9268863073403786,1
0.8925096121882511,0.019861047807900233,0.8916939821680103,2.926620648416784,1.4330036750227442,0
0.9371523828190588,1.3985302747071633,1.1932808750479957,2.3346235991671045,0.6009995930482617,1
2.489634266351105,1.3283905454118128,0.2198281244558764,0.09297311708555545,1.8549843223225784,0
0.9074929596150607,0.9122949631827532,0.6561097560240292,0.7178382224064273,0.820206016810004,0
0.7273432300441163,0.3524242550637274,0.6098847285866809,1.022253885128117,1.5662407192914505,1
0.6135995102285432,0.6747285460635064,0.21826783616850642,0.16357537485452145,1.2154469796616312,1
0.9650184209435217,,0.5827057719012612,1.1485389584237686,1.5021227765285765,1
2.116425620091059,0.8755236071786127,0.5873514555770576,0.39391634273379983,0.9385240304463824,0
0.9042274745253542,0.7811374758321606,0.4292525094911348,0.3757376405528441,0.9269772392766875,1
0.3484325300667137,1.1192733152474919,0.8660275252972403,0.7458731013151991,1.0469859621368918,1
0.5600446245133948,0.9152064123034229,0.8796923611486672,2.0473311782203956,0.9025896412339347,1
0.2668341654961308,0.19796575563052923,0.7733470170214651,1.1608645171971412,0.8855694924375297,0
2.304030115315711,0.8969723040991179,0.0574399129919414,0.8743062663765633,1.9392467061182201,1
0.6762969199267932,1.3127731179900592,1.307395801596235,0.6638279770046162,0.1694453039076862,1
1.8273057829358357,0.14751956461805613,1.2155618360118905,0.8481161414780847,1.6500992404191965,0
0.7387635595296973,0.9879326079059207,1.0993674981186656,0.04179529896784828,1.1249215470232223,1
0.4960483067099819,0.9396742480279019,2.154725389768643,3.2812330901388593,0.21697278737111647,0
0.09818707833937435,0.8271603118652108,0.4430316303965529,0.663065893629313,0.8710141949930399,1
0.4761754095614612,0.6433243957646548,1.210683363584517,1.3749507789685644,0.2984153465420336,0
2.12612122875728,1.2283223950808901,0.01439768959787191,0.13076175735771456,2.004754202813212,0
0.9908025723378324,0.004621688903522317,1.2442850878166836,1.199682477305192,1.2954098219187897,1
0.3867908644951582,,1.048378480978551,0.1019227613315764,1.0564255900603294,1
2.3287798699206297,0.7672953745205758,1.544085943160275,0.680981030756056,1.139052418283093,1
1.3132419695379023,0.2326572048129529,0.3681370729181185,0.22403893841168487,1.6342043480801665,0
0.21987840273231363,1.0402502669908051,0.45741682983674836,1.0481095750562106,0.4868982971272833,0
1.246517342426871,1.0306577959874648,0.4591329779453426,2.822357131746096,3.1726987141576304,1
0.8919079446271769,,3.8288999925138403,2.16155857198218,0.17586481083110206,0
0.5563792821089015,0.4918732124419854,1.4259568179803335,1.3696292975381756,0.7335022293758588,0
2.393245953216781,0.030804697490436017,0.4933100881249983,0.7401953722516841,1.7377419529526945,0
1.3882833132739063,0.6085846453501783,0.9410383540978001,1.8142874628038062,2.288399874883748,1
0.5673027368313246,,1.6830864370356513,1.6522480688375698,0.27849937233091226,0
1.6928216185479195,0.26861871041582847,0.05341050291156968,1.0221542037823375,0.6395835458002004,0
1.190831374313689,0.70057782651464,1.5537985229118154,2.332565571949809,2.690908390731869,1
2.8603744974280247,,0.24008739059678663,0.9080427913096769,1.1041201469317878,0
3.57889211806202,,1.7897996595147072,0.17837457290784653,2.948641889946737,0
2.771152780970482,0.07952726770819862,1.5824569627936944,0.6614903667248732,0.5086170388053466,0
2.5271955144904226,1.1384850899376828,1.1619871545656844,0.4995785566523785,1.704841382962649,0
2.437873751971507,,0.5373043023822126,0.2780343959210727,2.684412328113548,0
0.48247735759228827,0.5286294916001775,0.4210191406692829,1.445795121761831,1.2203634327829493,1
0.58633117588617,0.8188037757372632,0.9043703408187206,0.5384639261975864,0.07340668805866057,1
1.2659279010934736,0.4017887457877164,0.9288301819403895,1.4835654608623474,0.46247307521950165,0
0.8306453988068385,0.3383080664634478,0.04704766374299818,0.6610250243719982,1.1550187762921253,1
0.28036510815498317,0.7999930946950367,2.3826726819634816,1.087784616424792,0.9089566577221828,0
0.7372545122526968,,2.8172274855295414,1.5688725867024238,0.26100050053214074,0
0.3114169106479746,0.13302188064008896,0.6306188939443026,0.7901312580856887,1.5362751523229656,1
0.4410188310916653,0.3235092195836363,2.0447615278422795,0.6626406211934232,0.8085872363179971,0
0.8478960686627466,0.6309744898310978,0.9084369019227911,0.6926717064825936,0.7876639189035416,1
2.678341195262548,1.9801504590549874,1.841942610017582,0.8342980891817973,0.9833964839041649,0
0.11141400342150587,0.8641807048417827,0.5006407741778605,1.1265226351691602,0.6816082109204884,1
2.022175233597175,1.3644360722421929,1.1528014944521872,1.1283137102317293,3.896295704048747,1
1.7110829395455518,1.5380654361054693,1.0073175851105638,0.7306758596493304,0.7095947279072669,0
1.4010005359421953,0.17865548101291287,1.8914156841687761,2.290158471191775,0.7462687584018881,0
1.553106379176572,1.8964223760596726,0.6159470057980551,2.907455398517604,3.304037787430295,1
2.702075536121562,1.4235706421811276,1.1787433776209657,0.5774706659703944,1.5374375865173637,0
1.838987132271221,1.9734095902484603,1.4585845949962923,2.070078043141311,0.25954234209885607,0
1.3137605805980292,,1.0259214766596776,0.24301214120290593,0.4675683228616112,1
0.8057325505488713,1.3499860465149938,0.1872590754947171,0.19761343888380856,0.7437219808002856,1
0.16907512713317696,0.5132324268151828,1.884878473637655,1.80030098127978,0.23696595593275993,1
1.4578028471238507,0.6419736623018343,0.02463075710914686,0.5805319151626464,1.7759147852278079,0
2.3902778984203845,0.30680351444859494,0.06373001873872364,0.025459964909695376,4.603273873730149,1
3.811380137125565,0.8292839134258868,0.7651254852766571,0.07417598316692198,3.046418237882413,0
1.5904943169201602,1.074305386226487,0.480035901853082,0.2448540227222218,0.981342641318133,0
0.14412602209358005,0.5555756081410355,0.10543973854909405,0.9128817353165795,1.7758543708655168,0
1.7487444413758924,,1.08474267396614,0.277125146787342,1.5743102593655047,1
0.2806293489072136,1.936795288732239,0.1348138522248914,0.00777389472443224,1.333191867829711,0
0.4035240221145713,0.9707606634025506,0.4172789822359111,1.3270131105874856,0.3053559015849272,0
2.084521601214946,0.9881633476704093,1.7428458896698604,2.2122294924061277,1.1706673764976985,0
0.8948970462603358,0.8187641072110209,0.3491616542888031,1.5510246949250317,2.6443119996786346,1
1.171748239231912,,0.10512156151262775,0.7608545757435373,0.12933969713877158,0
0.4555681206933424,1.7265210118634304,0.9675911540108679,2.959795476167114,0.3411559448063989,0
2.0629886490158933,1.1729838514653934,1.1458415302825284,0.09836175244598633,2.4774225122074043,1
1.171414928362154,0.5048661531778007,0.7793975671455751,1.3428233782334895,0.1798822524885022,1
1.7884128963026904,1.7346639215329906,0.058101131491883784,1.695063091587095,0.8135295958136576,1
0.6600753843557117,0.118734088208495,0.2624757037831429,1.7666838219269148,0.9822862996835726,0
0.24824687521776756,,0.5399567738158337,1.1371159174525627,0.5292464023819172,0
0.6629899851901302,0.2558738159157799,1.6886277822966005,0.02206048575436792,0.22719814383763404,0
2.6204113323153058,0.8555443845854632,0.013353075910434775,0.2615176689215579,1.4414878139243787,1
1.2025863056098762,0.3106069148995733,3.367776996437444,2.9032394412336986,1.1844943984920748,0
0.732133349971017,0.0626760501619782,0.37759880399537216,0.7107916965370107,2.3530740961267695,0
0.755951610611308,1.027597751412429,2.843665840232938,2.2311529649018604,0.9762076118020957,0
0.26280970143439597,0.028407862293164363,0.08453697333460042,1.571266638867967,0.9757120128795322,1
0.7565128119432304,0.7454450397847167,1.476629936843715,1.6704805270783778,1.7039835254526619,0
0.7837796223726794,0.4976083665623392,0.0981263131714859,0.1318364008574,2.3804258875706994,1
1.7867700011108876,0.6627818860209612,0.29458220713922456,1.1633817116089569,1.3362249300763462,0
2.4992983127555854,0.9158973937997199,0.37800714420803894,0.23508514923192048,0.9661725341694392,0
0.16028311630341197,0.16088438299176902,1.0151771703844235,1.2339678625916228,1.3464120177910233,1
0.7165964958858762,0.8079565491594414,1.0235386066267778,1.4401112425501341,0.6084336856854771,1
2.5644307682629544,0.6990995896655071,1.1961803960949717,0.8760326616004104,1.3160626396531918,1
1.1198994045868322,0.38039105389790073,0.9671219694935883,0.11268950486434592,0.19294842639728516,0
0.20068306779553458,0.6584431660122955,0.02328730958726255,0.6105701088503108,0.8945823373371956,1
1.9599716579107442,1.7711971651548635,0.18127475251343772,0.008784996780688004,2.1898090038641365,0
1.3205307219501243,0.28679289754419723,1.635781597934334,1.073341411381531,0.23236224703424746,1
1.2438892411455795,0.5865607681068787,0.08108088762821553,0.01713222715905982,0.38666106573901304,1
0.5870809423634566,1.3589015147395378,0.7076073011646872,0.1394658855246771,1.7792139956887523,1
0.7047559139547883,0.6361554850394354,1.4094281806856448,1.3879870092883182,0.7089444857198193,0
0.7522778841246367,0.492287990529253,1.9539451023408807,4.178345076992487,0.8640614052770588,0
3.3754951628983036,0.8824590482322486,2.2183130823808046,2.9599164768332256,0.2725746646710072,0
0.9775441487477067,0.3195735582908373,2.083178604978302,0.06030294387290369,1.0555697809494347,1
0.668720817304225,0.7910298599579032,1.310991921011001,1.8335467210202812,0.8072902109091176,0
0.32297395177597377,0.9284760303755522,3.3281197314625564,0.9098528846877934,0.6134389989253372,0
0.8993625421750276,1.2657126521695894,0.5006998550289032,0.8494286065045671,1.4639030035575575,1
1.3565161519706674,0.1643907650729055,1.1211506611556348,2.3032207699739504,2.0360744363815777,1
0.7284012540788538,0.048739154028767814,1.301222120159903,0.0016923331647793471,1.2642923185653776,1
0.7712311725445529,,1.8060636868200362,2.8272839632117384,0.12816694412322893,1
0.3495355052412308,0.6672847354562812,0.18680693918966873,0.3550866419874037,2.02406176199788,1
1.2161046837829272,0.6798203458289699,1.131678659364791,0.18587587680317563,1.2742012727367202,0
1.7627965325521053,,2.126306987360732,0.08335232084108024,1.2068433849807028,1
1.2835660987337447,0.24637185841335324,0.6752393060788066,0.919382411099156,1.461369365649572,0
1.2949867829433876,0.24105425031666827,2.009022688203588,2.1593270659945247,0.24326059340696382,1
0.37175081461149173,0.24262878780015645,1.6887317576606071,1.5902457456921382,0.2263709827310041,0
1.1580961305412936,0.1673913392054417,1.59188119402875,0.7892468490509625,0.4913630354214744,1
3.195861319289329,0.5265493094207659,1.9717685522307526,1.1075884248149155,3.3688469997816206,1
2.2807265431682158,0.4468935776478827,0.0603260262225751,0.5766352941502848,1.4660831144946793,0
0.6664146383198035,0.33768699807813884,0.0001721386629471855,0.5737895043035646,1.0602265326366556,1
0.8362204709499735,1.2447145768184085,1.9126329723777182,0.11835886382732697,0.09593192879636625,1
1.6902558273721968,0.698388434306089,2.3602279371716772,0.543196087989692,1.8335088039856875,1
0.13962167448881813,0.9225926668275283,0.28056636123195655,3.011245591160989,0.48385072858095723,1
0.2174778907427679,0.6536268879869651,0.5940076777257375,1.1201726041825628,1.9656059069294924,0
0.2661892084358629,0.8028040582132207,1.3728439806162736,1.5000101439548743,0.492175485246687,0
1.119455034136579,1.409191028599123,0.7673354941120347,0.13517232226977205,2.5610347554185635,1
1.4771672951181036,0.5388348460240047,1.4621834161033143,0.3302606295346755,0.6013242278308293,1
1.5154475328394164,0.23437012319486966,1.8643291577845464,1.9530010983812134,1.3604935356796606,1
0.9968193871039978,0.7693610487280315,0.6856397452920209,2.057176781931666,0.9783579056734092,0
1.1700552071928385,1.0253865645439617,1.5773226583674562,2.298331696003906,1.3733124612966203,1
0.049207110779258434,1.4799864131806566,1.1351664517152007,0.9883458037286112,0.6685009977826062,1
1.4447817965425684,0.8646021411179935,0.7815551913976704,0.040953070588685136,1.288429382334371,1
3.8354530953336106,1.5645830261135425,0.5421130291243816,0.2705633477654237,3.6314575915329366,0
1.0077561604031096,0.15684424369147815,0.23994627472544405,0.42446480159544464,1.4240562116275588,1
1.1704683409585195,0.01346145458565204,0.5268051115889114,0.8583468309739617,1.3546142662944458,0
3.0581161917600634,1.2446527815353008,0.1670597600818634,0.1751086470477643,3.450210834579229,0
2.960178291927371,0.057774006706085054,1.187927619540302,0.643546758999785,2.9465905245049484,0
1.8013235580378033,3.045928831081612,1.0418601904423768,0.7243311643370298,0.1337339829441595,1
2.3970541706075377,0.7019574916323259,1.0865606456443158,1.1595036932983525,4.71940467397845,1
1.3577925168634986,0.9291387909758185,0.08899953015263629,0.3712332129901852,1.2615027726307952,1
2.993980593447935,1.3154710453699998,2.11816319908679,0.9250763716673964,1.2047003273226768,1
0.6438113043348946,1.6359888354397742,1.5884589962694775,1.2505584223095243,0.7449563935493393,0
1.7587553360005055,0.7811861948023926,0.17323081926297246,0.36442824276394437,1.0317788651231676,0
1.139008397107324,0.14858622908306054,1.1320076209542986,0.830293064882972,0.37961029050715867,0
0.37503214159207476,0.33329488636155924,3.630288841664201,0.25276500336806873,0.7300047212160627,0
1.2405736879788605,0.7149568500960584,1.46190669448952,0.7051096948977853,0.8904679020794903,0
1.455381342212521,1.0087420453965685,1.0820147052014646,0.11763717373693017,2.196808079541087,0
1.8279886205450016,,0.04332510233689302,0.20080449325707728,1.9521512806657828,0
1.2125473429844833,1.6407289410055337,2.8148828648545337,2.5069348250836962,0.16218977153636782,0
0.7642066245082737,1.8295550464324626,1.6210480452852962,0.7477621016919835,0.5682724575743177,0
1.3566411331692894,0.25005845579189767,1.5793539541206094,1.1555702202075988,0.17540743327465258,1
1.4837319040972492,0.06265936625454731,1.506460474597087,0.20583915304248768,1.9930649794209718,1
1.526337495871497,1.6045075801654014,1.435765190263544,0.0006922446560373441,1.129748302206649,1
1.881667849222176,0.49658167054992614,1.531589731926291,0.907674198108388,3.3656579174241377,1
3.1728304959507945,1.5805418406083696,1.1364283224623724,1.229259364026995,0.9592602463739998,0
0.08119361447183104,1.5940821319518448,0.2982395814702652,1.02999026429779,1.249629258382144,0
0.45706800441183226,1.1772366015675635,1.0913548735520924,1.3048311514796846,1.5483227459617939,1
2.471963612215899,1.0109592064190316,1.305010488600338,1.1292899417571078,1.4966339382062634,1
1.2305873879457172,1.066656133057809,1.3032989672724264,0.19925926100065028,0.8137128820614108,1
1.4877691524693466,0.7157263390568104,1.5454753476725975,0.8696360726206518,1.050363709573434,1
1.0868271423982092,0.814472114445082,1.1877966996451539,1.870936450935298,0.1407720871226621,0
1.1019218380994042,1.3735563919321288,0.00376183693707155,0.09472519174812766,1.0750703595227074,1
4.163258415738916,0.41857668266008285,1.09141781435008,2.8267976068815934,1.3481324388625464,0
0.8863418264126934,1.0457791516023653,0.9292845042905962,1.472675580122917,0.8249518645882603,1
1.4863176611551805,0.6784591530118383,4.84362197556349,2.327224231310584,1.3064692031588585,0
1.362568325018572,0.24096713171201598,1.0705917089233732,0.7369924770365432,0.2539650498261231,1
1.3654792166546077,2.019813332338234,0.7327520931708165,0.9077001169019487,1.7715574930699116,1
0.39163035519913225,0.24731298113961678,0.6040847996889569,0.5900887789366025,0.6163360689714749,1
0.15882791823797426,1.611295766910263,1.0704133231298139,0.8016135694186111,0.29296619662378753,1
0.7053399449854667,0.12243481280341345,3.0071722483128536,2.0025787389443437,0.4537134379296759,0
1.4176980816204607,1.2277353416045216,1.4553747323675281,1.0436945959957824,1.2379526849922338,0
0.5545476000629685,,0.23454827469158168,0.5875440899077182,3.5146855646893167,1
0.9422518678899412,0.03092541778249925,0.9690472501856845,1.1827000132643706,0.6179187165100815,0
2.0819580647304434,0.06437257087223061,2.0474994029407005,4.5301884285266025,1.069366856123764,1
0.349114145803068,0.8467375775313379,1.942374102954956,0.7985669450299271,0.6049144900254153,0
0.7603753604691845,1.2879704995831947,0.9651674785451037,1.651886716564745,1.208301157943032,0
1.0309528059354225,1.739401971936737,2.00610731944414,1.6988975510933666,0.36723426503114864,1
0.6789820110759641,0.08025098971177376,3.013985105796677,1.9963918273796053,0.24723954171008045,0
0.2946572704755066,0.575060767550441,3.270125450062126,1.0761959664311658,0.08071314289309806,0
2.3877002891204215,0.9650996707365793,0.5402670095599238,0.05121818051396487,2.750802840358178,1
1.247415971063964,0.05758201654872128,0.8641095427884562,0.3837539207676175,0.09513238511718924,1
0.4988362177165113,1.7609364366308586,1.3755875272249634,1.114073429033844,1.7129172388072125,1
0.27698096216404,,2.0379463081419424,1.6659891893300622,1.1279230360317094,1
1.1255260703823653,,1.3902708188599977,1.547801604281804,0.08803594118659663,1
1.4868381166088247,0.8646371839029606,0.5406344424813417,1.0058876988123107,1.6028109178737162,0
1.3917816165945616,1.098153027736738,0.691342250647699,0.6418973140619688,0.6885775421828084,1
0.7095120982758658,0.24917583794395778,0.3230943463454655,0.8084286329605256,0.2678781692838281,0
2.230189079153714,2.8918325989502067,0.41743148958846754,0.3518671148149072,1.2705748708438795,0
1.0328622009249062,0.21761818017148127,0.5080936283712687,1.551486491643058,1.431435645296451,1
1.3764796931969199,0.2320062831488026,2.5252704859682042,1.6020954357376969,0.8354579192621694,1
1.5153884191065583,1.244529910676643,2.0756134627552534,1.3119839958798065,1.803273961702928,0
1.2891435587252706,,2.0582314237412302,3.7112219772678245,3.03407262327407,1
1.6568218263247216,0.028282648707111824,0.10823952581652496,0.39943181955801055,1.151687413615011,0
0.45633172506214004,0.9130920305297793,0.7605524861519797,0.7672182385620182,0.7175265744552382,1
0.798254309810549,,0.34596734641293514,0.8698778927878597,0.08867411319773488,0
1.304071917719835,0.7706412256463777,0.9919972189660164,0.9375770621587577,1.5894271273027434,0
1.8352073770397113,0.7557049867064927,1.2386278257232584,0.6726143855488886,0.46996756830722086,1
0.8505239346614998,0.3437901374402593,0.6613731256452273,0.2779133865818544,0.07340660982031166,1
2.7091505498402575,0.10667568194432107,1.8403459396207542,2.570698781606886,0.0345621187319769,0
0.25434254997414807,0.8781479353385309,2.191033429171034,2.362189268724086,0.3633223973954389,0
1.4695081142738955,0.9189987572568485,1.6278530506315114,1.2094450573529332,0.5809370188774227,1
0.03893019896391259,0.9008549064331837,2.4531850185816753,0.16783831471119526,0.6049110558108424,0
2.03559141102533,1.9375543019623378,1.6615193896572247,0.8720201740693632,0.9097043530578138,1
0.4677255490412954,0.7883430208594201,0.5972400091674112,2.8477765618552286,1.468676771221188,1
1.7003061107928903,0.09187093358020086,1.020915886042109,1.3012644208678372,1.6974926480827264,1
1.3475110759285593,0.3902207843184792,1.6925069009419933,2.2548930046196265,0.5155333239434796,1
0.9562313512740259,0.34046244648365637,0.061873289997435243,1.8583778546056733,1.4530108001008306,1
0.37126447903960713,0.3925217049287987,1.8778530452142501,1.6850600558901967,0.15206198309642294,0
0.5115097929373487,,1.2927324091257693,2.839152038667338,0.4700642303862015,1
1.7467692275956255,0.7678292652071974,0.9884113834916282,0.7381073787572736,0.8722513313862036,0
3.808300134978446,0.756485666473034,1.0633914796335935,0.8016736587443523,3.325946910676561,0
1.331550200929195,0.548971917061467,0.0668663351494525,2.0976756980477145,0.2808805795612954,1
2.276254735490427,0.6600319567258276,0.4553322542281315,0.5695347751733121,0.6356125404164363,0
1.1606515106887536,0.7300622192531492,0.22944666481335307,0.45084102786433466,0.6349611252130282,1
1.013902570948305,0.6147214572652406,1.8561790554753692,1.4289729334064014,0.2232334471758204,1
1.4964682191500749,2.1026024348962706,1.4481949555393214,2.5459772783059025,1.9171885708024763,1
0.20460586743853604,1.8335095439918458,2.0195933899485476,0.9816076713000748,0.33469383841801603,1
0.9934953032265863,0.4391592708768802,0.2933859053366773,2.3082078582163374,3.9524346439484366,1
0.9932702846445132,0.3588897599468525,1.256464093327387,0.7373526544276658,0.11442615308230286,1
0.14145519866495349,1.6900238454179433,1.0566448588745696,1.4623215953947923,0.22684941107753243,0
0.6732208959966914,0.3341523814543325,0.3441144585620409,0.8210806163464306,2.1063876880335295,1
0.7126854276685276,1.1941601825244574,1.0210564758740197,1.125234184232984,0.9502810692863072,0
2.276312184805951,0.3172885656638249,2.1446551047951217,2.386510194208578,0.2905336820968647,0
0.5063755973546136,0.3606874694774592,0.683656271808631,1.509263905821973,0.5358233727334307,0
0.14378978851165902,0.8633704618403383,1.2118285962020734,2.0218475573195387,0.5019537506520191,0
0.8058485535341415,1.2523670966607754,1.320859601809543,1.9127189089305388,1.8792343342290838,1
1.1284879853412604,0.15560792831294068,0.7304496031990966,1.5458651197007378,1.2831715275180613,0
0.7950904245676749,0.39075841306452025,1.650193458810369,0.01521135073713642,0.9245461425097494,1
1.869189276811623,0.7325276838272726,0.6453565246385112,0.724354832954581,1.6198244037278486,0
0.40795460680370654,0.27267803158009984,0.9576729486125699,1.1757274584711268,0.5182637490836566,0
2.31821248700259,0.4960884962925648,0.5640913629722352,0.5110527088159884,0.3311847949965204,0
0.8307134956718965,2.0609594364625123,0.8797698567838235,1.2907297288014474,1.4811501550628372,1
1.37528071577002,0.12767807230559353,1.0588061335854544,2.4777168578917603,1.6361453136150166,0
1.3235395021518315,0.0024015502485515883,0.8732861079657169,0.5434554496387438,0.3750724686320148,1
0.2410240992640218,,2.5561823800273555,2.1653547589878857,0.05304359337448883,0
2.886235948425983,0.8856622616562313,1.3947117170258085,0.024319146673569825,1.9334987766247864,0
2.5541495593861936,0.11548828313958366,0.9320624236411883,0.47838377231155027,1.7555765257605696,0
1.1821386529730495,0.9157386703805219,2.013357904212681,1.8965524061990395,1.6670677327873538,1
1.7038827175623235,1.977070973910356,0.2708555756435693,0.9034158463696205,0.8173822030342599,0
0.839194504456795,0.40710696875416463,3.37028012275975,1.0392839736526533,0.46350426324566474,0
1.5677879405310509,1.336284088584971,1.6284728782693683,1.1278691073892018,1.9908423226969059,1
0.7830352174502464,0.1283486757368778,1.5666019989938922,1.5724062067021962,0.3366034553882915,0
1.6070677074041029,0.6041205059847414,0.5889359247589852,0.6961811861057987,1.0353269893008974,0
0.38519828733743355,0.8024271944228096,2.9011262613513673,1.4539769786952368,0.555718298637784,0
0.42540727219482655,0.6011481365959827,1.108563545532918,1.6825575563337556,0.9689812516722647,0
2.3739070039771617,1.1396378120140314,0.54054355077119,1.2476137533185592,4.119201954093557,1
1.3620873249560854,1.359887546588408,0.09181973874915228,0.4630781735940923,1.498579060867129,0
0.6731140430828155,0.8327990035453819,1.0268307647270492,2.320208230469205,0.8046422048707754,0
1.7983215963398171,,0.16150558754245514,0.38456871373977763,1.413293394672234,0
1.642187197308964,0.24315171462324223,2.37554061070628,3.183970115171689,1.4629808885440914,1
4.899603959949565,,1.1793344712015683,1.210138037946761,2.759467999467401,0
0.11441347410508818,1.8609870401836113,1.8199012437376765,3.569734546822079,0.1256766832517473,0
1.4508041251028796,0.07071647578008274,1.2077018511299211,2.57678908808082,2.020682163260423,1
2.12252930317731,,0.7646617744258899,0.3767033371256443,2.047235377739907,0
1.2630572252369612,0.2007349180019919,0.4045096200079199,1.347414839139283,1.5787265237147952,0
1.8462421658496022,1.4142951060044213,0.4746514895355556,0.7005033099282163,2.0593405286078834,0
0.7865830884299088,0.7523248930274368,1.514429570664916,1.838120858432712,2.182823988208784,1
0.05715177225197243,1.2637611619017812,3.305537934030715,0.268777537571001,0.1362881160669256,0
1.1230516244650592,1.1199914302716165,2.340408092827482,0.9771323073515523,1.413674163529877,1
3.356790274466379,0.15064072028152445,0.4602648641934797,0.6032952028194563,4.001144617457419,0
0.2774061956568755,0.675409118931041,0.9204411145860236,1.321689679176995,0.11541607069589166,0
0.3855293596758558,1.3750628849187112,1.7253255548561026,1.3451673440444671,0.49887529422979493,0
1.3635718414980778,,0.931803466447704,0.32693966008395137,0.9998705857282961,1
2.7496655315993337,0.7757856567932201,1.375585754741854,0.44379740705144655,3.274812460117907,0
0.08115629038102601,1.636774748607013,1.012754578719006,0.06876941530195646,0.6026601575088155,1
1.1844816175483857,,1.74554621812855,1.2262601672986853,0.4467356454357998,1
1.2110391330782846,0.3499458345148403,0.6529035506623013,1.0021572279618534,2.3608229415919837,1
0.7493835012541005,0.6878999679959102,0.3302475116000825,0.9564703373667706,1.0559948105312156,0
1.5900495671549195,1.3481975021152934,0.2694018172634117,1.7553758973182354,0.8213774410470487,0
2.9570295861561218,,0.10758934756816907,0.1730069609607574,1.9696295039824028,0
0.42440234276890254,0.1987736503452285,0.6629113793988792,1.3808541840441786,0.4345391090193076,1
1.5337090981143837,0.6441898605375508,0.21628220592515102,0.49271783683604675,0.9844691801352807,0
1.9160123195847483,,0.6407919997833482,2.763971975219996,2.5945744223808136,1
1.4917145043694293,0.24230227466384766,2.418494056975267,2.620146816306466,0.6561927618085235,1
0.6505663893307375,0.04257034137903291,0.9271329152452946,2.8804813162842486,1.6576818950501349,1
0.3607474398139321,1.0146363749767133,1.657958382001039,1.5170702270596406,1.2435744473261874,1
2.4651723954490574,1.3134891316906248,1.222440338575143,0.5807927897540082,1.6429817806257436,0
1.7080425312511016,2.060822801135346,0.25156882535082814,0.27645306818482884,2.0152596719466995,0
0.9851417611078508,1.3394831553106699,0.17276186821879003,0.3222360044948387,0.2843947528255891,1
1.2172206140553927,0.03969175733185092,0.5732924626544608,0.09540491368807147,0.7723748955954313,1
0.9129669875912377,,0.5654610661600363,0.813984001070361,1.7909789863464767,1
0.24776098417290293,0.07758079160251348,2.7682892544397446,0.09793689786513182,0.019705805396767473,0
0.1522137807387982,0.25110659900152,2.783161078925516,0.7252189979870529,0.5079984876650157,0
0.620331424226819,0.7737251795095957,1.8854344249402235,1.8347018813511164,0.9542592384798894,0
1.2828217256229373,1.1746316769575735,0.2497826910714962,0.8035665778610384,2.001640285139364,0
0.8861402011400964,,0.725781652560833,1.6331886945223484,2.173779787972718,1
1.9373053433388985,2.2240198223612855,0.8628363590291613,1.7457482358701468,0.32927126231783,1
2.734045397843363,1.478578667672989,0.5744108205459617,2.238155768161227,2.638997348430725,0
0.7899487965562687,0.5734729869452063,0.35831270161158946,1.2019968436998494,1.0505467146128935,1
0.9178482380132357,0.33265481807827224,0.7923919758146758,0.8597505754154566,1.4360923848970337,0
3.9082406974512276,0.44779755142266964,0.27987883199559116,0.4978491860241834,2.6803234910807596,0
0.21970764633721984,,0.9145353617863491,1.240812734075629,1.523651347944151,0
0.21380973322795827,,0.8926563646827019,1.1880591881731748,1.7036763280844656,0
2.48920183630244,0.3114960686884455,1.8788595968243054,1.6067000085515128,3.0610779957563343,0
1.1205347708104378,0.4562387973673141,0.28191054322704434,1.7752470491603933,0.793855601363095,1
0.8631713378915742,0.02486848401629693,0.8343159849879539,1.7052825510385783,1.6024295840273217,1
1.7443393129471612,1.745550710145013,0.5771623994948074,2.218664224845145,2.67652003291387,1
2.471722096577425,1.0639434462280632,1.8948383130357804,1.3104760508384912,2.8618964162152913,0
1.551305200659939,0.15795760278095394,0.7140969711756433,0.951515188224399,1.2153810142060304,1
0.1549214684122866,0.7341807935351355,2.9878575461921852,1.6580734619416084,0.2333497283522048,0
1.9061346964783328,,2.8751417543007243,1.1130458819379534,0.048228863774102626,1
2.7239816093197557,,0.17146798476459257,0.8790446671931553,1.244327061775902,0
0.04141236113580404,0.568056287661465,3.19341204629958,1.0213006119441839,0.14077430592996754,0
0.9879221964983411,0.5536999252568481,1.419165501640715,1.7960753907634088,1.4999135508065033,1
2.341041674348079,1.0982388768463363,0.6986615923807385,0.38173247295198565,1.788238871843689,0
4.076879069230835,0.29348095287396686,0.9963730123838507,1.0016044349166728,2.1613600104811526,1
0.7470098608193845,1.8185535346867037,1.544007243619538,1.014997761597493,0.04609039510796631,1
0.7998419175426816,1.0866619910289197,2.2950196043776487,0.20313568528640213,1.3065303369405408,0
0.24911369997975708,0.12678259437841174,0.7247375886251046,1.1763241670791942,0.7164790840478481,1
0.14214522448980416,0.0801024349738198,1.7819100889280173,0.9287284445226671,1.05828906306903,1
1.0692907430697896,0.856095854230007,0.703912822676352,1.6142855443485074,1.0033692394063836,0
1.0503252099572995,1.1815793345729262,1.221744107303171,1.6609166945025136,1.34797931260901,1
1.1090328856239577,1.2723949772052185,1.2152381987781662,2.8679193527340354,3.024309132841534,1
2.314731160381715,0.010082966881209852,1.047042881669513,0.5828988730975304,0.8907424927719857,0
1.0026412141163226,1.2676393760604587,1.0096074517977094,0.9696007617226132,0.8214065856656628,0
1.289007172895325,1.1082668228289316,2.6731449271567174,3.1224908387178285,0.38701925601131526,0
1.520068900940747,0.5573549836553883,1.387346287848583,0.8877650399617207,1.989566889585493,0
1.3854955830612994,0.2196572571580551,0.4913903733626681,1.3299915360420893,0.5002655303685479,0
1.3763461426661814,0.7085603148566448,2.904469911493633,2.7310637990954323,1.392007691102891,0
1.4023918387601326,,2.30335692428016,2.360434303736745,0.2765721359530873,1
1.4880785556447829,0.02930114321826882,0.8619491547938812,0.784676959662744,1.7978932549450497,0
0.8191517531017188,1.7463916378158542,0.22785909483378153,1.7222540896469276,2.914851451476988,1
1.2528296814732076,0.34103851050754747,0.48119194706885604,3.0784472853728397,2.89488486659314,1
0.9259138682474424,1.055617471949706,1.9474062168220554,1.3617062827749185,1.0269542871229733,0
1.076864740106203,0.07361650962869719,2.8868120292168102,0.776333620021609,2.4216434909511237,1
0.8970647361633535,1.8355464107883155,0.8087248832805249,2.292359153476504,1.7329657677410297,1
0.7006757960143721,1.2353486507529106,0.8215299700238887,1.4203500044565853,1.8075645625025651,1
3.2619432575515623,1.6235333843984059,0.1841785785293344,0.18777494574705011,1.6558592355290866,0
0.45930182048912105,0.4024706923896631,1.1746979448572656,2.645603905061397,2.1088269862025273,1
0.46896717542873456,0.9185508237936645,0.42111346095653057,0.5493924284949092,0.4484566897387162,1
1.3373946705794215,0.5582085328318197,0.11797788493991823,0.4248596241527659,1.4148484475775938,0
2.853783145408928,2.0084837161435005,0.7105872898526173,0.20728875513732392,2.513492590757507,0
0.9706464740614381,0.01412072193343282,1.0789386265025234,0.9104423174184665,0.33121157450946503,1
0.8040015454556207,0.6277047574817053,0.665575612851652,2.769210778939501,3.0050772195531876,1
0.6013957928609341,0.16736245351170304,1.7699262111545158,1.4721603374020995,1.0621025306414635,0
1.7227259099483518,0.5917688235578787,0.04206962988869534,2.4076189828384416,1.1684265550642385,0
2.712040489884228,0.3517457268750307,0.6995500736063034,0.1798868996439752,2.262556610016312,0
0.4556637722296002,0.385382401062678,0.46068566875862216,1.3061009532592143,0.24955337854532855,0
1.39192861934018,0.2574300760580134,1.4528051551878425,1.8166161621360202,0.9625896988600332,0
2.0006473076061395,0.022818760730348216,1.5661892361954894,1.314552975049676,0.5036362601669993,1
0.49120442488946914,0.3549462302069728,0.9960769552284292,2.681578557821709,2.010454756320205,1
1.805359619018768,1.9627345248628807,0.1791319854378628,0.29865776795121723,0.11543375458905691,1
2.0171298103987594,0.6151744381886721,0.5303212844264216,0.09299489682031892,1.3800929239132969,0
0.85660347653676,,0.4673507167463604,1.5188800690649749,2.486716277323766,1
2.039971537944264,,1.2875263711439637,3.5905087397724826,2.1618420287166416,1
0.06839173074053351,0.8097182650878448,2.297946569979101,1.3956293136644116,0.3755876711738422,0
1.8781406971205703,0.3298405766083485,0.058341503237757886,0.7798126634124054,2.2105976310303954,0
0.11380116337159873,0.17865211903219516,2.645192661213836,1.3824160963040049,0.22543971659847473,0
0.3326043256479978,1.7917294198338614,2.126549796248392,1.9862218069404347,0.13095037394337306,0
0.8344715863480532,0.48589482412538165,1.7099248999145922,0.5559059966007558,1.214588614762911,0
0.2613397243107387,0.3504454842362166,1.9111309167044177,1.7578441764996822,0.5585998503872229,0
0.5518863648910118,0.7616903369259623,1.3508325143887459,0.0851998888844494,0.17132776933457183,0
0.5313055627040772,0.07597107945831398,2.809102264745064,3.575461366077798,0.4647694721254295,1
1.220358034257228,0.7966583143540946,0.6079927064986999,2.104798798141794,1.0416703283128057,0
1.4639409723598036,0.3394355548108988,0.754142960255287,0.6028454217158928,2.076553270891388,0
0.7149433722355685,,0.5963642221008048,2.2711868588415602,3.0801298724964608,1
2.1563635493553264,0.21219946487005836,2.8925794791850143,0.8073288150509488,1.5327320804025764,1
1.2153255904131979,0.8492023092622182,1.4217525347006612,1.9304961644148773,3.4206778110621396,1
2.268639607878409,0.21964516028304537,0.12210503954348062,0.4413525818149462,0.08306470718160064,0
0.44056851506305916,0.9729939966852104,3.3540935312636515,1.5181657770136696,0.011026657683880337,0
0.9797529066929062,1.379092393079632,0.4736306600182105,0.3299465942385007,0.1975405068111049,1
0.8320230789145194,0.09217749998240579,1.3587237928606708,0.9567323469184915,0.48614854147095454,0
1.8913453683423933,0.1736290332376506,0.39451086995571416,0.482226208529977,2.9821613204698556,1
1.8781298158375037,0.9189532191588221,1.5506006618746695,1.299203386043195,1.74898807283733,1
1.5216136837093628,1.9649579586669383,1.1848118734652986,0.9949111802363297,1.6471290498695144,1
1.7063311268334989,0.18765849429620104,0.1299996566671473,0.6299458117154981,0.18438319842146766,1
3.186353689324462,2.210890992800781,2.1799405395829354,3.0124614869996447,1.3629471990277313,0
0.15411630081101624,1.8045131792870404,1.3494228256750533,1.694897342341425,0.5565061877972388,0
1.4641078121848334,0.9962720962701991,0.6835019187993012,0.012226413074465814,1.0851718491464863,0
0.10913450679091374,1.441519826963828,2.830163982337491,1.9575063816967417,1.4489536122551878,0
2.246359381877626,0.07402935234123845,0.6699984190077564,0.561066215904275,0.973719082497005,0
1.0164608203869534,0.38277518217832124,0.6420050281680489,0.9538532542154985,0.15192269474863185,0
0.17150343546155344,0.2986544482594905,0.9901647952385594,1.3277478363319974,0.6563052140491266,0
1.4729371631692336,0.19149285167317392,1.210951458518685,0.3824501869463153,0.15889534135442496,1
1.5127857420203514,1.3165461721846896,2.3525242307513072,1.7362341026397954,0.3796771853085339,1
1.7079039151725721,0.19592214835427738,1.1571508585035466,0.7312292412324032,2.2575455052628444,0
0.5491469744066375,0.35268953982261186,2.3550562128558132,1.5767944605900248,0.7446431784237553,0
1.0228721778196987,0.79114671151253,0.8418954469858728,0.38833433193718814,1.087975253668037,1
0.3484279349514807,0.9213180488381532,0.4258813849834766,2.140165791415454,1.9798513618248674,1
0.7026661455815014,0.6571144775405775,1.9364309480924815,0.44407288273341194,0.1742592984473006,1
1.8657003494170488,1.1977925221423782,1.6270678567053043,0.20951984775524068,1.2226886826825385,1
1.016057759003773,0.24063805437007116,2.101364637469007,2.7558634638207087,2.3297245173169783,1
1.3015511805006967,0.6177501780872845,0.472282475963827,0.7612393533944884,1.4078638231765452,0
0.33284262099034434,1.1386170714537858,0.8838951636393726,0.643001137085276,2.2002570588130532,1
1.5981306967507098,,0.9508830300317715,0.7833055814410421,1.2859932524077875,0
0.3670003859339146,0.2990049620824594,1.3435339321154323,2.848647189712131,0.10901734437927546,1
2.2441677938130544,0.33803804090994616,0.6537197952799747,0.49402920852444066,1.4205669745749645,0
1.5139665113048197,0.3724918798701469,1.5668884572619795,2.7572753100227603,2.927382241226691,1
1.2223735251967731,0.5064081083009134,1.1273827481985015,0.23587813997700802,0.5594996596332314,1
1.961567538316207,0.7989547721176634,0.9649137396940424,0.5087304641254011,1.1311451780989104,0
0.39099274403903017,0.15469674934532343,1.2043465732502014,1.3711399587538002,1.9574023348921528,0
4.497018588970048,0.5022912253823866,0.03725338288858926,0.003077430426304595,3.0285368447799623,1
0.1338941554121187,1.6822623442570572,1.37312070056136,1.0346116714425944,0.8058479975155732,1
1.640691964775236,1.2646197116221796,1.3488914381386459,0.02980014576677048,1.6397381005255887,0
1.4005396202714713,1.0756574688258984,0.6633147243651227,2.5284840226183833,1.0717769296592055,1
0.17269660273819354,0.5166061852735627,0.9175927670876078,0.7186339112806608,0.7631115656011688,1
0.5162603754321358,0.582307127931182,1.3221507814969256,0.7909565623905015,0.4840518306553496,1
1.4981876945945953,0.28582349040398747,0.33849962718412674,1.3787179754682324,2.02873179428461,0
1.8804866109630614,0.8098878169738728,1.628311726195764,0.39220742585574286,0.8277161938043519,1
1.4160108929499242,0.5608927226818058,0.06239495598337119,0.39582376027174315,1.5187443776848941,0
0.3864947900806974,2.1555909397431083,0.037782551402889775,0.9382897900145009,0.24577823650859565,0
1.1799736048520548,0.8822107959959048,2.716638893047885,0.502109169795075,1.1329616218801593,1
0.32701533274153327,0.22378736655784356,0.8103256477936841,1.1597234746697889,0.009266166024752387,0
2.822660795829863,0.03269031700120314,0.43102739623156316,0.19616028356625304,1.445589357312624,0
1.2001141037957102,0.3267644776615085,0.8296615095259386,0.7276889443542802,0.27010475535771805,1
0.03577539117661821,0.1502233549368725,1.829755618576298,1.6387322280551326,1.3352792772090345,0
2.0665247096330503,2.6927581625237265,1.1448026372392637,1.2807014086954085,0.2534343151456383,1
1.2781950862356626,0.7886716842608666,2.025308105496615,0.6400796856013268,0.1955365091907656,0
1.92227995451185,0.09814848296400769,1.8623907449439163,1.6862929445264676,0.13185346286856592,1
1.1314945682259574,,2.5872499978887307,2.7844979967170316,1.070053568015008,1
0.7409362057382582,0.721092796486096,2.090719456054135,1.401573806926962,1.5004888603930375,0
0.7835241763252732,1.5977961518995942,0.48755362211757725,1.5559245449319077,1.3537067214761849,1
1.6688950399501712,,0.762854687343408,0.7500151597454503,0.2846558811655213,0
3.2512691858287583,0.061327169519448145,0.33612753198489465,2.2430299048051854,4.541133717057128,1
0.02980144436806742,0.041609310993324385,0.2142122720818831,0.8622977392329022,1.1769588146371612,1
0.5611318755046676,0.9806083548667577,1.0649590872196613,0.7132939433947567,1.3652929786200825,1
1.45067425785889,0.40347305999300503,1.5377197392999098,2.744868345466923,1.7876880510691977,1
0.639825324904013,0.5615238572147315,0.025512303984758677,0.6099269659045059,2.7592681342124457,1
0.6935644957768001,1.197480686105643,0.26203359024356776,2.21023858328403,0.43557435429217883,0
2.6830313633750418,0.08264646802664086,2.5712164806311435,0.10945009435577768,1.1620202749410178,1
2.3624880593241553,0.9727407736318192,0.8148701362711801,0.826527516375529,2.856028826744735,1
0.5550701963630766,0.39440853272418014,2.4472119951234212,2.1834412553104525,1.149183263081568,0
1.5366964601285764,0.9925556137638796,0.9606883954582452,0.7489438194041105,2.161037669844514,0
0.6060317694737654,0.2209168081438934,0.2688962621696601,1.1438768532562262,0.5649017306218174,1
1.5333113541208827,,0.6686265556008735,1.614714458054992,0.3715775920217892,1
0.6807396384105766,0.5743204940747126,0.8936224550601352,0.5199539782283497,0.8608232343033995,1
1.4759721483500186,1.8392105528461162,0.9554328936947201,2.547153935231102,1.462257539635776,0
0.8797466989337845,0.5614830247660237,1.1765463630194615,1.1786820535441644,0.7680302785770147,1
0.7191337988036575,0.13348202807517937,1.748981461897824,1.1864944301684939,0.9403150971518126,1
2.0984713609915966,0.7345733865725732,1.533185757673555,3.53945185104822,2.0369264611968463,1
1.678300858599789,0.07638963626683336,0.14352959396783183,0.5630388861751217,0.03884026812806751,0
0.3114408066718326,0.10977438679037288,1.6009705365452573,2.692596451448349,2.5046416319598874,1
1.1244901606147257,0.3898656237934682,4.345905462054082,1.533606049777387,0.9075793252846212,0
1.6349521958318998,1.087143500237299,1.5494417938997285,0.33599906522822187,0.1685842890405692,1
0.8810870476253592,0.4146328952413382,2.2470039498503596,0.09328136111902186,3.147464830074078,1
1.04141301450858,0.298200278098241,1.398091069734137,1.2716124146011958,1.6124824054698936,1
1.058581328489367,0.26519863594830184,1.3710415763424262,1.0929790449835477,1.464256496408955,0
1.0101424202414808,1.1953167981905863,0.9021557504108058,0.41921874831299677,0.3926264849593464,1
1.845764479635712,0.5607172822927565,0.16878089134265606,0.0024548327599861475,1.2338066653013677,0
1.0370699956108251,0.6644986814722349,1.2419807476646867,0.12237853339596605,0.06542432785773933,1
0.6760739148990462,0.3600314969949575,2.343989650553752,1.6498595176713544,1.2394349699702965,0
1.420938199076127,1.3076044806803524,0.1150164108699705,0.7212756608636759,1.1126045858718303,0
1.0640993861693162,0.22047232077268225,0.9059523978373432,0.3201271048440891,0.42206240687777696,0
1.2705319990070842,0.18185791696841305,1.0556176550338165,0.28429814734022707,0.4826051577325021,0
1.3022487394566802,1.8497041456719603,0.9519526322479377,1.4887634247751382,2.140334705670544,0
0.058444458634527074,0.7176153962399772,1.9891970859968073,2.3044547061494054,0.3517105220065182,0
0.5365901829571333,0.237325303796526,3.3814158494968014,1.445070028519205,0.6280097236485089,0
1.2859547616058489,1.4671626696512623,0.16121104761061655,2.171603054608537,2.59920021855877,0
2.494477710309219,1.2078220346204327,0.8268187264414868,0.42578617240153316,0.9073362396738729,1
1.2724604333604068,2.244225179936081,1.2360642461071434,0.10117656147326337,1.447188669746068,1
1.0313696671108668,0.22281569971968226,0.030854948064475973,1.957094528034249,4.653280517616113,1
1.1906830626738345,0.18049165898973837,1.9477570809967502,2.418441980955201,0.11778081585177258,1
0.7494948777082171,0.8791630156213317,1.3211331870881398,0.6804268921800121,0.28113735345154156,1
3.013015124715583,0.23312625562625686,1.472631170085795,0.5075288900930501,2.813806431526011,0
1.240697199308723,0.617456302716729,0.06326593510687584,0.284049267577148,0.6292351993934783,1
0.6494198419914277,0.5089905208555405,0.38991820528349486,2.6518223913360925,2.981822744431098,1
0.8296142804293618,0.9837261046610202,0.19990838580246306,1.22170710352583,1.3602863254944464,1
0.5518034602840196,0.7100081116700219,1.2640516038083907,0.37548652395305937,0.3738437224814928,1
1.4064869927088421,0.6130591757663258,1.1246422224908474,0.9637944754923952,0.41862038200696894,0
1.1650873468896599,0.5144861033574224,1.405054698310943,1.908992727224763,0.23318244277110034,0
0.024767893106571126,1.1623085196681997,0.939225029187915,0.7221539660305041,1.6203899737284642,1
1.5598241128870969,1.248791900549558,0.5372901535426167,0.17431270667027554,0.7743196288419083,0
0.7206243015474972,1.2172897339227675,0.9447652246376508,0.8159648905196182,0.19734367841584843,1
2.3660126719910357,0.6252981922329911,0.9113434759961009,0.4166476077549741,1.5736806863159407,1
0.0036123289870253483,0.04140195021410666,2.131235945021043,3.113872321058136,2.2669311194677038,0
0.7976809780260038,1.6312744955681648,0.3473409755749841,0.06522532277090465,1.544119197600749,1
0.14636498470706416,,0.7997159778763623,1.9206745153444569,0.5103432100428278,1
1.8446612597623555,2.4156673794654804,0.8918433229095604,3.5687837507172535,5.0908142847845115,1
1.2866342476438497,2.403176592592019,0.8374059105163749,1.4980989366883652,2.686347494306265,1
1.3214722202151021,1.0674169530323996,1.4928122606058647,0.48517501406810837,0.46849364064217225,1
1.9269645549853534,1.8381794994044593,2.5307324614324758,0.4621490084428235,0.15608935232047738,1
0.27177307677989093,1.071083080728032,2.079638527840934,0.5528954239074966,2.043173990863626,1
2.29676692506348,,0.14917563514207832,0.18089383741346576,1.1037479960278604,0
2.6640628680453666,1.0950588664813858,0.647300014171738,0.32734041043712025,0.71148617947531,0
0.7711794689746336,0.8950391806387564,2.309484349354626,1.9253031365735684,0.18964818496101854,0
0.47336755063550906,0.4746334540141737,0.8306921549377697,2.565378393491756,1.5261653698366098,0
2.6915761028243983,0.6442818174485494,0.08435089548646779,0.0283950297785569,1.6719902226552474,0
1.1291643357756984,0.9843996258681831,0.9693029760615841,2.6901798365993077,0.7279541932571121,1
0.8285450142603046,1.4102325155508788,0.16855196693835128,2.372703942105626,0.11557761095752972,1
2.8357979171365315,1.3434269671216956,0.09510505904528954,0.007060769137559153,1.637223719581628,0
0.8388088945349854,1.5946406412163145,1.412268352867149,1.3213151441502249,0.776146555284887,1
4.065119942644948,0.9356744563857929,0.11558497365448783,0.47818592355105904,2.8495374193599683,0
0.6363731077852381,1.49541366247537,0.030045846973124957,0.5220313389133822,2.1350432222416735,1
0.40899554425092566,0.24468450883413131,0.9045340487290217,1.5554971483465065,0.6614145375415159,0
0.2802481527021077,0.0669599032971397,2.107587769088784,1.8373274074385697,0.7822905538118141,0
2.74565673664279,1.154349574765506,2.010821492984155,0.46769589585583615,2.0961463336358923,0
0.14565912960752936,,1.7728970247420741,1.6912462584577512,0.8053901779874983,0
1.9200578024241102,0.07153721206451298,1.1904799862472568,2.0960670616362336,0.280758517394073,0
1.3966345460943808,0.05783694960402525,0.35842122434298407,1.0015730267210925,2.2794577161744574,1
0.47005694566242295,0.9126645756607705,1.818343363445151,1.8098984317291649,0.7843076664846678,0
1.4952060664160975,0.8758917171492806,0.844373180507209,0.6539291930890978,1.3036328271380606,0
0.396572907153512,0.7046087341878011,2.7548595413116628,0.8686667463043849,0.527456914454695,0
0.36698140311201155,0.18454530233934613,3.371587741441089,0.9698635936364643,2.1120218493585727,1
1.9986715365716352,0.4659619366267645,1.6006414670226072,1.3871129557956752,1.1741653059312922,1
0.8401771811389126,,0.6577401245561335,1.6264542718633526,2.973235876186256,1
1.5263977457956202,,1.1141135159156255,2.011653002076204,2.7242427517432066,1
1.1276457655904195,1.4602680145835696,0.6206925845750917,0.8214381399247722,1.4347095938589711,1
0.8841334892665494,1.0454402663748068,1.6437361264483528,0.5373003910374368,0.21711089101332415,0
2.4358712867803827,1.1550890904393236,1.1348841333133235,1.543804300817218,2.214788381179156,0
2.732053261700627,1.0647561553476776,1.1509874154182573,0.21975468899984973,1.4542778515195787,0
0.6455058518631724,,0.6990641729924033,0.3169209016652772,0.1879156223483911,1
0.5904043141117306,0.2882291303452953,0.6825906726513606,3.389784954979401,1.1757661056091768,0
0.6018325556318067,0.3355262256247127,1.8092688565224593,1.378817251377666,0.49260564946216234,0
1.285957872510517,0.9334184829582883,1.4313972722495405,2.2482330053609427,0.28679436807808223,1
2.2645260355944794,3.2261316589197016,0.6957381576003248,0.08138407253652358,2.339432395903733,0
0.6570949897959173,0.3257257767370883,1.7829841660409849,1.7744870283509298,0.6787370257271458,0
0.38675528094549505,0.14379375095267685,1.9749469343323223,0.48800210287717605,0.13147521214654834,0
0.2991708406342919,0.6645435425532163,2.4160952012031203,1.4578226189969463,0.6581106195934403,0
1.2408009658526897,0.24992902626318939,0.47251768548390105,0.20786583506505174,1.124956688443862,1
1.0236828385413754,1.3034334415157371,0.09522306676173731,0.5758576888651905,0.741333808292401,0
0.16100906233554602,0.7095361707264408,2.5980755402133147,0.6563415363249723,0.5759941073849921,0
1.3478003421891178,0.33664660436528576,0.23629032559688445,0.3163183815191102,2.009326668325179,0
0.1428067903757112,1.1918685063086651,1.0270270345094876,1.6107972969907633,0.8641235926324129,1
0.8629537472676244,1.0046970996542737,1.0641951456703276,2.0207658838703058,0.33917480468816796,1
0.615497381317852,1.3096368741085314,0.7023375949439452,1.384913784081176,1.8488014218622162,1
0.5287974301458377,,3.20465713083137,2.320291928047346,0.29582818571987346,1
0.5654545843515258,,1.804560992140991,1.5751531150061886,0.31385552024703345,0
0.05979964707415819,1.0841330874778008,2.0324139871348823,2.606270881385071,0.43165188470846483,0
1.2098336419753377,0.029816816668827722,0.5050115206085278,0.12099350904647044,1.237954994097461,1
2.0366175854481723,0.47782837737406914,0.9644073237873904,1.4709728079468842,2.09614013064097,1
1.2716304323622358,0.20406870227498228,0.9155022456078579,0.5004197562791717,1.4832681130958765,0
1.0461956248599258,,1.0286671649020054,0.9015118612622862,1.6824528799055303,1
0.5881613557903167,,0.22733214768742183,0.9208021933868057,0.03863717274587364,0
0.37848681898606196,0.6703487029019994,1.342215153275149,3.588071602242528,0.014159855655634823,0
2.0014907475601724,0.5944998067495573,1.528139485382591,1.1682212079314684,2.81139577760969,1
1.0179933024571033,1.8462732593500761,0.9017128328456351,1.4437468402102382,1.0778868213860107,0
1.0591475578313458,0.8993741271546539,1.1241673430948078,1.0249378546064685,1.9097148524978875,0
0.9357138889866174,0.675390735292989,1.7409615810927794,2.188570656777162,0.047017320275166696,1
1.1789900677232148,1.2429133824001302,0.9956917452561789,1.571406930894367,1.2363994213166176,0
1.3929715655543726,0.04785151332911929,1.2686033020294336,2.02618698023673,1.3100464853537346,1
0.8963319791657649,0.11513660349129748,0.7152735628266591,0.7913941129877158,1.0494727170139593,1
0.7316193725789912,0.1893924425107032,1.9586376939396328,0.8673980715621652,0.8230844032547124,1
1.3998080251730867,0.08195178506309544,0.6933703182917489,0.6633747454361278,1.4821977683583172,0
0.20454945459873852,0.1696317061856208,0.8099842521481482,0.02722699332584,0.9912158068555588,1
2.9601427715275648,0.37921565683347,0.40975165518995305,0.037593074448251995,1.9100980978896884,0
3.089706477297591,2.896518605519746,0.34622519032913956,0.18996128715062288,2.093418065588086,0
2.7181294444375723,1.2786238880511476,0.33308190943761173,0.24696571461939987,0.8725388827523011,0
0.7907228082576857,0.8344927207046011,2.259026913907421,0.29674772300013297,0.836002331196153,1
1.089900843835394,1.6387919313339259,0.563581944700186,0.7580369439952441,1.8315447244298007,0
2.6698707865036946,0.6630992467401732,0.6568715858990541,0.39937301768609845,1.505746777113263,0
2.110183312466824,1.2053267323048111,0.27200638686098433,0.8399071693388807,1.552723599412689,0
0.9284484245634526,1.9804342295660204,2.860929989095399,2.18361620619439,0.06926053849514546,0
0.9827166044663928,1.2385631890346671,1.0402590333186503,2.782819147799363,2.8878798299173765,1
3.0173895175294874,,0.8915432316562887,0.2295900595041358,2.4726010254516058,0
1.47486979840185,0.8695511066477908,1.2172773114211033,2.4998384666685443,1.1632811521391906,1
1.8776103565858948,0.13051561300409567,1.2709884579392612,2.9045090890094176,1.448868193379517,1
0.7948444298113478,0.340867845125827,1.1724236053552577,3.5905855055997713,3.4796236990734957,1
0.3942643507478374,0.6320607578870588,1.330552157627444,1.3577292877444553,0.18205219140464812,0
0.9423023133305986,0.12691780402996075,0.9300188595723842,1.9705898534899535,2.6976654940162925,1
0.009516730856065192,0.15190975072657917,2.896986985115043,0.31954343480976455,1.065459805363679,0
2.2115098529950545,0.4313539269192858,0.9978708620858145,0.3079486206518587,0.7438688266040223,1
0.6958114421112784,,0.9609716487788162,1.1691895554478324,0.12448469192179945,0
1.8079260297365223,1.7044545503941577,2.753939698104336,2.657323088040469,0.011441269047742453,0
1.8825422956659774,0.5316538246674944,1.2745184088781905,2.3929403752913743,0.890895265667931,1
2.9769002394255257,0.9004292254644896,0.002740071894157703,0.09137024684793671,2.392975215994606,0
1.1296401622832588,2.412992688075883,1.159323978474,2.788714192301777,3.941027384413493,1
0.30743639234602593,0.13880045454151024,0.5996001092505832,0.37966970990120263,1.5990455188001946,1
0.6132275569771776,,0.8933263306204913,1.7044082408221124,0.5286124280328766,0
0.43958851884544425,1.1126305612381386,2.0630439489089696,1.9558394646715918,0.9387225527503394,0
0.9560008581601639,0.35907829734315516,0.9902055463693501,2.5312565623187275,2.223051636428977,1
1.697295776119309,0.7158465413278651,0.11391767807066822,0.5739282794309786,0.07963876789667346,0
0.7557080198032728,0.6518621340339592,0.8028309932700896,0.4161688317863329,1.5977149636704198,1
2.816980985120388,,2.5529559162317117,0.3137111777403231,1.5633856896082123,0
0.4049033058972955,,1.5859044007850636,1.4805049984063936,0.42922274237241065,0
1.7270489299922764,0.21051133659974086,0.313762290091792,1.1333248104120748,1.350098081254372,1
0.33227299028782875,0.6083452939526224,1.1094249491608876,1.7631725932302196,0.17306500226174226,1
1.2935927575339723,1.2775358221329547,0.35609618046656044,0.6949389083389038,1.6144715294688554,0
0.462951417729605,0.9631827428528167,1.5852800956077395,0.42948940516237566,0.8933215114362816,0
1.0999936933801047,1.7308515458699736,2.3831635460138507,1.8687910592525394,0.544726923321903,1
2.1137988776818033,0.369331021156131,1.6978621345856082,0.9456415250563001,1.4112375127120416,1
0.28685482963071796,1.0792959366796544,2.2218007851223183,0.21498166717405498,0.6726983510076725,0
1.9441243248560311,0.2500146859353622,0.25303952087897896,0.5055475184271105,1.0176313524140363,1
3.6380329601497405,0.002238750924302561,0.8979331905067767,3.462828411698477,3.8995196589105383,1
1.8067508531529075,1.098329200694048,1.3152190084125368,0.9722209628483305,0.9001246755696732,0
0.35039842071952065,,0.6372066827025548,1.158882064128368,0.07552684149012423,0
1.388535117168247,1.7394557208282129,1.8662721122904726,3.762551140698541,2.6919937243645244,1
1.4586883708137224,0.5237772115586787,0.7118028267274414,0.7762574476229582,1.3659406468881268,0
1.0713370784332417,,1.3157800630772156,2.412421204900933,2.3170399147418816,1
0.8503308799729332,0.8047987485748853,0.7056469676681009,0.10395724952516494,0.5392886670661903,1
0.8985353812171838,1.307278597099756,0.719806307278297,1.1223248795542575,2.2659139797627597,1
0.8565839127519537,0.11721457373713202,0.8249826094701076,0.07978513716620195,0.6201251964776354,1
1.3529918997799353,0.6732891184666239,0.46160000328921846,1.0803039957740805,0.3845743434083446,1
0.8924174345307452,1.9584743011314998,0.9641193983656926,0.9344868395877624,3.1291204551579614,1
1.9708505476580287,0.3344600640970049,2.216428672870774,0.9619236506417734,2.2505611060852253,1
0.4987738279019751,0.9659430854722398,1.156612550039067,2.3671352100074605,0.2649034050800809,1
1.4305252397318011,1.0358846615535835,0.937958615165674,1.4555216273698939,1.9833145459313268,1
0.8117753441697664,0.14135352660693282,0.05788640728332317,0.11869340210872026,0.07500117873335355,1
1.315310741767746,0.7199245067731072,1.2191892672834843,0.8863430153695739,0.01537340408868515,1
1.016847203169306,0.3386425087301794,0.9288568865524386,1.4806728438273773,0.784118347959883,1
0.5930180421729323,0.5749499553868769,1.7713420605436188,1.9679199638791935,0.7735753210326081,0
2.741811079540911,,1.3162105417978165,2.428683555616467,0.726379127566724,0
0.6382399885350967,0.6649554577357163,1.101700878612501,1.117096075447634,0.23543124823371298,0
3.9878576314784473,0.5998741686008157,0.8746491768237756,0.1158105965544376,3.7318527730102167,0
1.1510012405773677,1.9445939935970222,1.5328283158238154,1.147237396634806,0.34330068885018683,1
1.0566753269559417,,0.6401363653295723,0.9163042895633263,1.0416157914877429,0
0.957859441550305,0.39833644413023683,1.7194721949919063,1.8540031114759556,1.710573954178966,0
0.8789551288835791,0.1331781402676818,0.863627335398809,0.920051330115566,0.9031014022198462,1
1.049002879335609,0.024166152050190164,0.40954041366846705,0.36422509987204643,1.3875059445382556,1
1.1376683246708672,1.772687268474046,2.896160880558537,1.281519358046531,1.2873569095260216,1
3.4225011330165827,,0.06044325873831524,0.26277894067461105,2.404658561293636,0
1.5550784294637772,2.7762841161530583,0.27533786608249144,1.5167391777612909,3.7864499712812414,1
1.2637314476309678,0.8197321218102845,1.8842119812505804,2.079856466619591,0.5528216488171797,1
1.5172355547181835,0.9099957821212328,0.0172667367126651,2.223519225391512,1.4942051100778744,0
1.1663972460205536,1.217633589732721,0.6527306516455988,0.6351829753148139,0.32114097293887767,1
0.6567282904958531,0.4599143271356735,0.8883015404526592,0.35186451408017405,0.6001965831037703,1
2.4909597850920395,2.3936841517341287,1.1084417960231565,0.42109611786603984,2.3859969372486782,0
0.5233189340847344,0.2243213118326333,0.8845751369457717,1.1495646019731984,3.5661126764161164,1
0.7786245352584227,0.16166323736355787,0.08220991381384368,2.1980104484607805,2.3432682106651987,1
0.9175588777559709,0.024103226477347483,1.4825976989528769,0.9392521139083941,1.5021510258751678,0
1.4395822668277187,,1.6919778942465218,1.270301624401587,0.24516672057351074,0
0.13470258559646053,0.007582887921041749,0.8695415821605121,2.3868435394512035,1.911900042767579,1
1.9261446231082469,0.44967507314622424,0.22052761450511027,0.2694624112650944,1.4697779243592135,0
0.43944932492682165,1.8015396139252335,1.7894124010061045,0.9227745728204358,1.1566253461764497,1
0.6097614337670536,0.44725959088283745,0.42805298557597404,0.6267521342476969,0.022499425426601105,0
1.1861274709949803,3.092641278462682,2.3025568967086207,4.0211467839031325,1.2016901838382665,1
0.27345687001562047,0.4507521091651501,0.3639000111228563,0.17775213666272927,0.34340571332248526,1
1.9935654861464944,0.0639484926806476,1.4235261689108216,0.9991368258267944,2.042725903628316,1
2.5723449941415533,1.7475549076232633,1.8101435729738515,0.35475980755988956,2.1340027019320784,1
0.5834895190925709,0.3927373627884593,0.3669509928104011,1.3801135536046512,0.44396813856850925,1
0.857879278836347,0.3875118082723767,1.6961577384865034,0.7443480419847832,1.5521225005148636,1
0.4037233031387438,0.04554695678680688,1.9506140893248363,2.2006073135223123,1.2301378459166297,0
1.3563055330955014,0.14029341068029683,0.38774772033656735,1.8460822641377845,2.0329661842234232,0
3.6066946227408714,1.6190092872873014,1.0511465475737785,0.20055486016252044,3.091108459940236,0
0.1387417291051526,1.6620767410146684,0.6102037184851523,1.1791306237858215,0.8896667847832964,0
1.8090215254919952,1.9219329636180247,2.258325317616925,0.717017529048143,1.289717943310279,1
0.6738420267056076,,1.2514991057655918,0.2939966083531048,0.6921260106387986,0
0.8743149795434662,0.342361635258677,0.5989330732416742,0.18630286193122925,0.24213334070591042,1
0.14828598594213915,0.08316871080203542,1.769953851250231,1.5010817958272806,1.3528536073247004,0
1.23965589694891,1.7996187600519333,1.472940037783597,0.06714037151482932,1.2066587657945318,1
1.3607026389025272,0.29780588197031677,3.217043560306038,2.650251873208948,0.3318816040283332,1
0.07380288092578602,0.3119019831088788,1.3190278158245121,1.5085743084706076,0.9855300642777156,0
0.8422202665376752,0.15775487116026762,0.5871965835225894,1.2980540186858602,0.164262137555641,0
0.8722589411339929,0.965419509715553,1.6940111026062823,3.10992106724856,3.627638847882314,1
0.6387367772535592,,1.1348324229234157,0.5157501706819938,0.3849779526664059,1
0.421101283003924,1.5103047544702501,1.4239724973089625,0.0954173844321311,0.189471621302999,1
1.7559330434867189,,0.8707613919979215,0.5790547872332887,1.1547171551036408,1
2.6137797187300347,0.5434727588295352,0.10051063732374854,0.252026505839847,2.6352313337786706,0
2.182376788701361,1.0417542290197623,0.3882548840802835,0.3513850778045685,0.868436078073813,1
0.689023814995803,0.22068494512984133,0.5851503188365805,0.23632956821701834,1.1519017541842302,1
1.64079376138691,1.714454053725157,0.5130329068074866,1.40946934380632,3.3670990569091503,1
1.9425738346632946,0.0912575523316285,0.839159355158975,0.5195916625406376,2.1348581148713954,0
0.5250107162248139,1.051463319008119,1.10753498445217,0.6095028476674178,0.11854785916997246,1
2.7600822551062874,1.9855963159020165,1.4040752309711584,0.18290539621371416,3.183882365553387,1
2.262264885738337,0.07879301820784587,2.3918922635121174,2.7668339251262277,0.2311229578122953,0
2.6235440794189566,0.06953910889310848,0.44217718052662436,0.21952709922955638,0.5525207251198057,0
1.282951331097798,1.0751803969737295,0.6121836492142437,0.9264198026039765,0.7770884781547163,0
2.4408955597435105,0.19142996923255026,1.0271161457641416,0.8208238871319486,2.733478171583002,0
1.0544454513997632,0.46857506995396153,1.0675783125580605,1.1033501668366,0.6811280154221608,1
3.7636823868477256,0.842922332241793,2.9271068834180323,2.707965033356717,3.5735482944379817,1
1.6374177013823394,0.7031210546656195,1.4981795355133993,1.6255683870003668,0.8333817129505566,1
0.40574083530772886,0.27022831902728783,2.1122991810058553,1.1922267984779202,0.07786525313591541,0
0.5083461488723868,,0.330055493453957,1.4435563333856734,1.0195282073810779,1
3.1492948906819516,,1.8421565315090018,0.6522298215293658,3.174257195251528,1
0.5070964777705262,1.0908226678555195,3.0874218300613347,2.156823979229538,0.31859003046252576,0
2.5925968657069927,1.4655763843647105,0.6384494522071821,0.49742232431382605,0.8919491307067663,1
0.32834170457281475,0.47745752344711834,0.5471329849700481,1.2431770211434918,0.3994925700029224,0
0.7448117336270746,0.38857436199753315,0.6813433255630289,1.4096542971409973,0.42080410277035085,0
0.727546846563672,1.5122755927410747,1.4389448106496487,1.3155723659086775,1.0466046751157625,0
1.09516486946797,0.675584387414668,1.3315057765955136,0.5680201451151939,0.8243630834850506,0
1.7678117615050097,0.08415579062149937,0.188685827534953,0.9300456862718514,0.9052730930535273,1
0.997703197616861,,0.702469449153821,1.3451789457162182,0.9305965821924618,1
2.192915369257218,0.41525582836774666,0.10448891987294706,0.3820738066149638,1.1850269510383988,1
3.629339532649669,1.7663106070558738,1.226731802270605,0.2983542152448446,2.7922311219496354,1
0.27644353093260443,0.9979552870231718,1.4578969938619513,1.394839472913555,1.1891284449681412,0
0.8628643680570898,1.6211194770561796,1.685124046491255,1.8873499435688603,0.6181035247532161,0
2.6756034853670077,,1.0924885493701284,2.1997992080500164,3.655288186201852,1
3.2869998028950684,1.0654244322762583,2.3289627511656965,0.16980119453258014,3.1107598683487554,0
2.132970630449205,0.2501084589956588,0.09543487488845037,0.7196733021216202,2.2565749390194556,1
0.8206272839193953,0.9092601032328502,1.135958870998404,1.1390224239873274,0.920722029165906,0
1.2549726237342393,0.6212349525739952,0.8794125674727116,1.5248696924379763,1.4379268784049741,1
1.4463097038381658,1.29265252415925,1.0170391627320683,1.2727770379990067,0.606673824569719,1
1.897720115232187,0.13766383036028432,1.5941240466362272,2.2592736788400343,1.9811473339289454,1
3.3059786728524134,0.9845552909641726,1.3267574146604777,0.7779748138472498,1.5933809853086187,1
2.2044683806478944,1.9016357708319687,1.0047033156163976,1.129027776348157,2.0949124480291417,0
2.849818407875194,0.8975666850003668,0.37951020637425514,0.07318621067909159,1.477416096632794,0
1.1729971426503862,1.780457152006513,0.8681612163680515,1.6168220860515676,2.7739165542178914,1
0.1601581131707892,0.5417874013834628,2.021385167819468,2.4849311409342136,0.06014968870407278,0
0.3237895825886975,0.2971089471985412,2.162958195478562,1.854057978641313,0.8556596613416825,0
1.952788905581866,1.0323448383776088,1.796745398627524,1.059038335021145,2.484229550986489,1
0.5889843513577344,0.6588512497972971,2.868113068854896,2.2714175904242992,0.1924503095757879,0
1.326507937030734,1.9421896126937708,1.3355213022480428,1.8232447942476413,1.801725288658862,1
0.8645585196977081,0.5858758269479492,3.3353380925696285,2.3137241340380923,0.958994835007553,0
0.3624649982323995,0.022577606497256104,4.035324938960826,0.17769517813063707,0.630227746715939,0
1.0246479013262983,0.2895202093163524,4.196555608435967,1.0327015601838057,0.04272333265619843,0
0.02606351711464394,0.08087957289112645,1.2262901620263327,2.9168085809575537,0.3643118507447921,0
1.490665732950939,0.6034530251870976,1.1011824850289265,3.789292712610052,0.704976343586315,1
2.34008984108468,0.11532059978763796,0.6368324475167064,0.3563244565909798,0.07966948406591823,1
2.863046735009399,,1.5506446381077237,1.28200634566911,2.8594617289492703,0
0.17514622174900008,0.4199030028675904,3.3488215129573624,0.17049343913422654,0.5167953247289867,0
0.1865775993608343,0.6463152957693439,0.9905498739780928,1.1823844494507645,1.1060881206630442,0
0.7836930491949203,0.1664773869480215,0.748373230623976,0.8887835379538795,2.078481490991512,1
1.4148707623457153,0.9227850961708667,1.637074583787253,0.5234779813003527,0.46246307711241863,1
1.569931118282415,2.39849860669323,1.060117080339632,2.0176094723220777,1.7179129574951282,1
1.403373032532594,0.9826569072723415,1.0334631618973946,1.4280644099945405,1.844305424739281,0
1.8081620924101927,0.5537684628154319,2.2616759997455747,2.342691662449437,0.9852844763272486,1
0.6867831383809482,1.622933002681238,1.2716684395854756,1.1467290460900832,1.1155488316400377,0
1.1820056515156765,0.6503000099964535,0.5435477674166755,2.1603534038747734,1.4130190920564,1
0.7075953418284631,0.2243821098913365,1.6572738985484206,1.4102490851723006,0.6076326253330762,0
1.1226571766852176,0.4350843979662737,1.5899772914579995,1.491279142497805,0.8620348254827648,0
0.7672542182953094,0.2378981888021418,1.9965064663727414,1.1984124207974522,0.8199224202740674,0
1.1519520343165581,0.3828011983013504,0.34175492585727885,0.540444241401248,0.8411554332086784,1
3.295347978294173,0.05341748090954408,0.13541812222252547,0.21250727909309153,1.93118125718772,0
0.6641923110516976,0.8599814402736132,3.327488148903318,2.169089152721447,0.06649718162328555,0
0.859321728739185,0.1595652819920512,1.3149504788478916,0.6996590022868141,1.630070802058186,1
0.7929763934959961,0.12829899447319787,0.17932528402744397,2.1626417411001295,1.0132579781728381,0
1.2681075483114552,0.08030645706945432,1.05071174118492,1.2527720445145099,2.5375446877396444,0
2.7314448283026773,2.172949749360864,0.2627318702168091,0.3109178732426747,1.945010507056935,1
1.7824514523548474,0.6951398959043604,0.5345428534171957,2.0012103722424053,1.809775313004268,0
2.72845465692082,0.006464187197597223,1.001933513147021,0.4204764860205987,0.7620330836377138,0
2.672146254722111,1.0314326782923091,0.5538176777114727,0.05743747754635353,2.095131646699827,1
1.0081909617056342,,1.3880988373415137,1.9738553728636794,1.0137839066896501,0
0.5324008787775951,0.1535114637931967,1.1851464438211308,0.8098271761489276,0.40851471497531544,1
0.8683700676414077,2.6741038924860177,1.7864908237325583,0.9182413591023026,1.3865924200901714,1
0.6319561378640528,,0.23240164594368706,0.7773162073134554,1.2556753338639814,1
1.5853327205247632,,0.006534978423307414,1.091796019184059,0.8195591150993873,0
3.1766899775872153,0.11132649850631089,2.403928025027305,3.223481719035931,2.122853505015354,1
1.2294182688332982,0.161039507812854,1.0475954253447788,1.8770032040446019,0.9477245217349881,1
1.2861781295984318,1.6930848158309462,1.0465099445771224,0.4107433446101728,1.2425400143291458,0
0.6977025159901238,0.6957374985106182,1.718675033252207,0.8577707142984415,1.0423056859336768,0
0.916926040627327,0.07673423871651144,0.815098957906047,0.31541298074271185,1.0904903861416315,0
1.9919881810711795,1.2987301086402039,0.6865489447589752,0.175879701767081,1.091341032128086,0
1.9123983818661088,1.9346812294138171,0.05957533228422385,0.2587494663437694,1.4534814112982097,0
0.47028151155081854,0.06651827396067966,0.923882843720289,1.4323456416890048,0.1479272580226647,0
2.6635725053467887,0.604318281274838,0.3419262470668887,0.6912213261182254,1.0893028792621744,1
3.9089461342278375,1.3495832390469993,0.2653829530657733,0.23076452595025976,2.89392024584973,0
0.03454882826023953,1.2117242984706877,1.5676727451167227,1.6827217289247203,0.13552960547357085,0
1.5040968246841913,,0.153202178660804,0.6398045796833296,0.13010859766314553,1
2.576551054299939,1.057602200784928,0.7448403195503365,0.7201069024009386,2.590913832787277,1
3.08326278265704,0.9653605443802138,1.818274365033136,2.710603257302603,1.480414878684655,0
2.1616902715822004,1.8085859571749026,0.8963470627467404,1.8370847228247014,1.851629454324435,1
0.8119104193375415,0.7958556296540458,1.1873871557317814,2.3620755340176736,2.297425098429323,1
0.8314259746379506,2.058601746400309,2.747410568905997,2.492550708540713,0.5137629193721217,0
1.0134101632907595,0.6184363105987696,2.563417641843694,1.0033756609109692,0.7507878734180466,1
0.7682218654227847,0.31524492657085446,1.4748711455773627,1.039673331151992,1.8062330576652026,1
1.0782042149989817,,0.21532759243360555,0.33336642013514295,0.6627420200535521,1
2.553213136470322,0.7913844860820516,0.45809080839951677,0.3127755385692973,0.7781646434318181,0
1.4343645268711258,0.48879331552664823,1.3661577180836237,2.599023356882655,1.6760608031508382,1
1.224565321281936,,0.13630172706487942,2.1617409807446255,1.3315064262171827,1
1.073383286178125,0.4480338594337108,0.8489808615300758,0.3649150968793923,0.43181873056376874,1
0.632468791984993,0.14513761918831034,1.047603873631966,0.9614004277565118,0.7909765824623085,0
0.4001575926420988,0.8005538880867448,1.3063413437898377,2.4399999502980334,1.2858024874025626,0
1.0459048100082993,1.0524800769964129,0.4235699582561194,1.2056819214817898,2.012820505505521,1
0.5360594221814675,0.32811533316854247,0.40315524720200335,0.9286325496104479,0.05853235734835183,0
0.025786625486372117,0.8629107429582141,2.439925848890294,1.3711060058970475,0.1023790586863158,0
0.3837903404872818,1.6785759531740878,1.300325896983932,1.722712087740822,0.3608736206884071,0
0.582926128827064,1.4178440717101906,2.7421126953214414,1.7366655765496453,0.001459568634240016,0
4.629412042622323,0.6100587675562035,1.1850512750790303,1.1958161773399358,2.0519581142515535,0
1.3819271118178706,0.5476581053713842,1.5354788239239425,0.25840450552278105,1.0103649524218596,0
2.782685413908225,1.1693940736962583,0.057111044385396936,0.1657072923317734,1.050737630084621,0
2.0794223093575264,1.2119036031057844,1.5681570143971624,1.2219384032067375,2.210461465092881,1
0.2234757705689201,0.7282358290884481,0.3133407110223263,0.6747591204598085,1.4468194663332357,1
0.8186458793160571,0.2155070231841089,0.008725872173582783,2.0504327080952964,0.9622814795166176,0
2.1025982411448196,0.592101961043143,0.5354590662103891,0.33240855157469906,1.8141270038150419,0
0.08232696289706953,0.7188904151696235,1.836114993176582,1.9616053248765746,1.2429384994663082,0
1.858681539974964,1.9866712645733091,0.5673855792173979,0.024629285031161685,1.293977535626538,0
0.9224080708079104,1.102375420670601,0.347343318492882,0.572760428320118,0.8027919799206649,1
0.5303044791603182,0.9098102224535721,2.103932963957111,1.9313042801222964,1.1136846119443433,0
1.0468422794655055,0.15332866213718016,0.08180058759460573,0.28841465740215755,0.7657729546758258,1
1.1096750171165135,0.5041010744808456,0.27924081221902897,0.5246897340510868,3.242992255682607,1
0.11237070542353911,1.9363058063400032,0.2596747324318248,1.6855654199389467,1.9953519114145388,1
3.274545339525545,,1.0676019858304917,0.7972549146897436,3.085933532978131,0
0.3686967170995683,0.86303490708299,2.072445638849108,1.96960337355761,0.7834044181156044,0
0.7828691364752297,0.132643144259125,0.016648915632071493,0.7862174170473528,0.7595513367777821,0
1.5115820292457596,0.8687917471595055,2.6898868684606443,2.650416820224475,1.5911978807778437,1
0.6322435538017992,1.0545357633594161,1.6423695432052114,0.948340802086939,0.7301100928292519,0
2.5436740535588345,0.8614046347829709,1.3273968896289676,2.324044988645456,0.3928266332300956,0
1.6000589628976885,0.9720908187564609,1.0076191539530306,0.8208285480640293,0.9591172016278324,0
1.5995655406612164,0.3413281197635269,1.0731602852823536,2.529932797669481,0.48030461086814813,1
3.6524742189985595,0.22955114026154091,2.4432400243321837,0.2412717599296128,3.4662748005010413,0
0.4940607029825953,0.6140762230490918,1.137034516840162,0.8361044162456269,0.07903810088248187,1
0.9798795892517315,0.8815849843885636,1.0957006715350126,0.31393163532276924,1.068622814409793,1
0.5417719697399156,0.35315403794558076,2.8912153101259683,3.2392359243266706,0.34959324754822374,1
1.1615599495452371,0.051419554406841914,1.8003855367297619,2.244411628551622,1.9086987866055825,1
0.042982801580329855,1.7404177912369923,2.1981023227228063,1.9861642359144276,1.1926640015442547,0
1.3078589985373432,0.9264890647002435,0.791206083986006,2.2022473640232945,3.9001256204820396,1
2.6708969626323418,0.32701368599348823,0.07511577795647928,0.030912284496993347,1.4760681863390408,0
4.032287269704538,0.2653853991047745,3.592980289401495,0.6998231723901684,2.7256641771615353,1
1.2057659178812141,1.2352925148504237,0.2785246111404459,2.1429135982547063,1.3495304115468831,1
3.101826049395032,1.1961868702359317,0.1293956478989462,0.04407713289571147,2.9900612916110045,1
1.1092230921208537,0.4113958771583612,0.7314730978693662,0.814688541090856,1.973775265741893,0
1.4488158514432432,0.3708071855416861,1.2117584836950772,0.6258722863090903,0.47488065768360843,1
2.3763545672570507,1.2561292946104496,0.6704522106722384,0.008656024302374554,1.674360595444397,0
0.9538699351708392,0.8349503682876777,1.2904551387249836,0.7127700978956985,0.43852843632581173,1
2.0985744990926953,0.8545761803683251,2.457833648215932,1.2360571446452213,1.1359709478649118,0
1.2359040553636627,,0.23228328189337577,1.3780943889045774,1.147277745916059,0
1.087593138610682,0.7637886999948825,0.5820717337031898,0.5642035591927415,2.359623086297138,1
0.752548997810296,0.9678426351396135,0.8294776158439204,0.8151678530029268,1.070430989050117,0
0.47610335923982616,0.12104694988068404,0.35446945812202424,1.0350308876863183,1.1867230006369953,1
0.19337869392538765,0.8795004722679515,2.334402071949998,0.7242241198431202,0.6348658139003773,0
0.8436318282944381,1.2886231278380933,0.5568245817731503,1.0811205734283371,0.8875434149362618,1
0.7969950248961473,0.19251622384255335,1.995903569670688,1.9544611716603235,0.4069336805370499,0
0.6408515631561169,0.05445096242087541,1.7592356026326061,1.5249973175770024,0.5678095083958972,0
0.8145763875285869,1.4943463075014,0.418843552401734,0.3779370935546549,1.8389027685429487,1
1.0675611537177678,,0.1788209838558079,1.3401845257872833,1.0676732810906269,1
0.6529271286507559,1.0623336624200594,0.6511589148618246,1.0163895162175454,0.3908194318028867,1
1.2129552461925974,0.3113927926409304,2.9721017446119866,2.2742275751759333,1.3150359589060296,1
1.3939754712935695,0.39355287324913923,0.5752374914323579,2.115668671014707,1.5210732526656872,0
1.1848345042496335,0.24413991630933043,1.4178883815260725,0.9388457379958769,0.04559312614705391,1
0.43867308688919593,1.9624402248468504,0.8543751714186711,1.312288991481335,1.4489098353415277,0
0.8014723479653373,,2.6440068332313427,2.5251222599986693,0.5275238898851233,1
0.8202306791482606,0.31973391447388066,1.1698874169376605,0.00035882151950361596,0.5081898342893361,1
1.351777415074707,0.8172837500330771,0.0015096506077343363,0.4765520941980178,1.6971481917829228,0
2.959170901071492,0.6251488635103922,0.45075112170178666,0.169782707094978,1.7192612763455346,0
2.1317221700085778,0.2942483127670564,1.3363194943533367,0.026362731567102893,0.021523498936994567,1
1.6301410022971017,0.6305430957380155,0.8987082032165433,0.05058902671175902,2.1743703877187412,1
1.475470807176285,0.8433301098614514,1.1597999241484007,1.951067492674813,0.8892078017439152,1
1.6252331887689453,0.6370785062503561,1.231455465390173,2.717216810461983,2.7425468195445464,1
1.3239161490008606,1.5222975633444826,0.7890470770211625,0.8987483542231952,0.8672624531354792,0
1.0851898428868512,0.955486497271194,0.49319526513489387,2.342228226347209,1.8631807957545734,1
0.5962962371139848,1.380828361276954,2.8057180870384437,2.121327506936143,0.888874859599356,0
0.9412944598006261,,0.8157770199974936,1.034482954507464,2.052377021582184,0
0.18413147203391467,0.39844386335668186,0.22923497195389686,0.9339638910966439,1.2895501917277667,0
0.6588486546739531,1.680376391920325,0.5335126641497256,1.5600320861925023,1.8149575570726586,0
0.1312761383740979,0.5788158141185104,2.340489246024765,1.284398908491239,0.27045344826170514,0
0.2279492328029733,0.3724543120492632,3.5608239089837532,0.12145568974843135,0.472870465785058,0
2.500409230174099,0.23221450595489967,2.0379921950550366,0.9640002527411784,1.741076480349172,0
1.126180422384396,0.47072340820385117,0.740774641945722,0.5602352580822624,1.544334319307954,1
1.0949070925041484,0.6814693854093543,1.0692248391319514,0.5986014278019718,0.1463260077738997,1
0.5657730645358314,0.12086187902639818,0.3105864381543064,2.1828970905366987,1.147587032797252,1
1.5712309382194434,0.9043058134946586,0.8364472268518336,1.518816547196288,1.9562672869122877,1
0.04795584435341249,0.9340337599723358,1.9990245059671046,1.8032525172021345,0.035877408793389964,0
4.219410656532165,0.2890124555323388,0.9450968685298761,0.025114733444159487,4.546886046445062,1
0.3119407023340548,0.6805828860666782,0.8842501075309177,1.5533172422889039,1.2031939425377847,1
0.6317584385087743,0.16626889372037837,1.1221317910892739,0.8873591205660347,1.3116996430226824,1
2.825131144560918,0.5136791750248689,1.2726789976837156,0.5804849237369862,2.219359046139319,1
0.8911014380695563,0.041237018516578273,1.8852201887514521,2.2582984767527012,2.36486848370871,1
0.4508807832401771,0.5937160585353624,0.8892333613328846,2.156271648914696,1.1582072918052986,0
1.1612739397188325,1.869269283216241,0.928557403751324,0.97393227527874,0.892326581176493,0
1.344630152680112,1.1318101612154237,0.7749341886125076,0.365067334185067,1.769879974315085,0
0.5690460208393597,2.3061529847462148,1.8581324589056591,0.5998282062343208,0.3064409006478739,1
4.229655370513997,1.2332147039387547,2.51221011891706,3.314678979610767,0.1479773545600509,0
0.2726762064186139,0.8128790308993932,2.329882653520028,2.048762849014408,0.4254434895671966,0
2.500075118456209,,1.645751269146492,0.2875748104867224,1.5251098708119617,1
1.4166850374063533,1.1569136906963997,0.1726141380531926,1.207370205502655,1.2034487157375253,0
0.4726073712691501,0.46506944906357556,1.7167814852405638,0.6814998979782398,0.8053487902280553,1
1.7029115925271716,1.4646020632506243,0.7331339608726415,0.5952185071496083,2.438060871879575,0
0.7287834100590018,0.37256884237644927,2.4754266527817452,2.1745272744151745,1.1283232567783246,0
1.3462486028323366,1.8114520837625387,2.2053312925029864,3.1561447886529534,2.1065928877551077,1
0.8038060947966734,1.0491264912589586,0.47277890224224617,3.540249837047468,0.5345489620659911,1
3.0983097916907933,,0.666775606792765,0.4075545411347665,2.6528518651823143,0
0.46840109200201185,0.15461414154690603,0.6555933610161098,1.5218160966318077,0.21801740118350654,0
3.050355710356003,0.5476298785147864,2.257301515188386,2.820262373537669,0.571710959662747,0
3.567540236282582,0.17145682497313391,1.5591352026555882,2.5551500501807887,0.4180889948861859,0
1.0737758875530639,0.6723592088835013,0.32742585479801833,0.20186463070749106,0.28283357221967287,1
1.4571114951546513,0.6570629191417124,0.44897185031805087,0.45335134146473255,1.2648297014383465,1
2.155184387299406,0.4043354776306085,0.03665063617653952,0.07566481461660857,1.217831791920614,0
0.7182549983198756,0.11401611524958048,0.8631974310677418,1.5343552275667123,0.9182165776154032,0
0.10241871245861534,0.20546501962872518,2.3493447582691167,0.8837114584862941,0.00037675041491502803,0
1.5369104161745477,2.099758398326558,1.6647855143364128,0.7426386377370877,0.7908329550142819,1
0.5146972649036679,0.24301185700970085,1.1540169648513054,1.20761564699746,1.0259844428613885,0
0.17910239034129605,0.470303142603962,1.2841558722153543,2.3949362677818735,2.8060012774309633,1
0.6056392908586758,0.17737917091446778,1.1072098270304023,1.39539907693125,1.6917277085239975,0
0.9552446585160261,,0.14452356727379712,0.5951955487620616,1.0800806358871105,1
0.5758908349101376,0.03839400823865098,2.249546082490607,1.3929542240187085,0.20398791139028005,0
0.13774598608075683,0.4001408417858246,2.9322363181615048,1.2302889294522175,0.37725042139054554,0
0.3833844392249802,0.7411934002630799,1.0330859644266925,1.246386326430528,0.6830592138115147,0
0.8649787084257631,,0.3895473244711478,0.7016216748465302,0.7806431190268655,1
1.6142456728105463,1.3823026091367618,1.918514005777475,1.049968393416377,0.7318178945557507,1
1.0979446991000072,0.04770246948461627,0.238664436064576,1.7300895434101604,1.3520743411328637,0
1.3105373310598059,0.09448231414448716,1.814702079781046,2.3044530886044794,2.5369493980757767,1
0.8725527849495338,4.052550122211956,1.537858868220904,1.4978567625590962,1.2390951357346291,1
0.638177425739558,0.35710719224891874,0.03104985510540048,0.6864380353617732,0.49548957216236345,0
0.07887234694521472,0.6788438705261987,1.4234910770654787,1.6305378461469227,0.4016594425991612,0
1.9504562472936413,1.1853697808237873,1.3556442978992198,0.763351779943665,1.0964390991839572,0
1.2667762517522607,0.21383742313794232,1.1622887523433483,0.3952007049562003,0.4150554936888793,1
0.7374874400842898,0.34546864714007236,0.2861170180891377,0.9262150262252407,0.47626682172170265,1
0.08278546954693744,0.8690952862453243,1.582093472668456,1.794102280199537,0.05653149280428371,0
2.5202705104519576,0.9692776873321504,0.19760623319917614,0.21896421752453576,1.3353162077113359,0
1.5615557859801688,0.19618814585246605,1.7699139583704415,1.0361644140949051,2.301738868589081,0
0.9952581930989907,0.5416856022956805,0.8629043915960064,2.3564705533935455,2.8235906885157553,1
1.3013484372028492,0.4627427167043018,2.0545795534951243,3.2988529883588953,1.511942596445859,1
1.4132075582384918,0.11947634097571401,0.7150930004511569,0.855865471511094,1.396421467505041,1
0.6077453667658054,,1.1228527905080876,1.2008072364078344,0.17858784462910915,0
1.124421628371782,0.5489193598053015,0.8884133268372406,0.37713301757667117,1.710588662806095,1
1.9401256631602986,,2.6784450988099717,1.1480916113050137,0.1203147518522607,1
0.03342975816840321,,1.9665855831041408,1.2230489219455398,0.4228114130843079,0
1.3975627640867034,1.4829918678298653,0.05966779866832628,3.250803446062597,4.478043923312506,1
2.095318129242903,0.9116764608018835,1.1723670288916783,3.2665996635939956,1.6675107550897046,1
2.346919290250794,2.5838068488176673,0.4181090521564821,0.2864648424403631,2.61611476004324,0
0.007325004902498322,0.5248057963906824,1.5441057090408576,1.4587505589618321,3.1891741201165322,1
0.8457036339634342,0.14019797970958092,0.9371714581961621,0.599407115635544,0.8940387878075058,0
0.6485076309837836,0.2907410969511788,1.9669795669273182,1.6538025735623294,1.269828501824004,0
1.9692133862232992,0.08985616291338219,1.636661070059331,0.828232067409895,2.0745755180794596,0
0.3106083185534009,0.07315959598146544,1.718853579146916,1.0793592244863401,0.9471197462256471,0
2.335195114873353,0.16889332338792068,1.2279930206837009,0.5653693161603063,2.0048776544577054,0
1.6273414203855103,0.6019666143721257,0.48716433890983635,0.07002345956735878,1.6442665600962316,0
0.7154309455818015,0.1336039376031704,1.168587355819057,2.1416222095242765,1.641781919005213,1
0.36887676614040865,0.551457308355078,2.5301668761852625,0.5859561880216784,0.06881264247150232,0
0.36479090146199333,0.4489740811290616,1.9728764979820892,2.1484187833922137,1.068888436526674,0
1.2448103283225542,0.1352465403512318,1.269964091605087,0.5227237832402153,0.1596292159961228,1
0.4950095901972289,0.011551298226648075,1.565181736466562,0.9132320205972284,0.6217616173238678,1
0.9817286006924772,2.67024599742681,1.3812727971933976,1.7900379862317202,1.0819034024117227,1
0.9697127566034422,0.17558480358588946,2.5494822753525375,1.3952679070001794,1.3300589656604183,1
2.3287793201834983,0.9458526613759538,0.9736271253574058,0.20275527291770312,0.2352288228042796,0
1.5510758054515765,0.3982677721793258,0.0780652969549076,0.3168404147613275,1.7079751861407515,0
1.0917847953333775,0.7394634692351869,0.5458790173399208,1.7206586873319578,2.9109955009726267,1
0.4958507146097759,0.3830441637244553,1.7156436673341116,1.0262141801634956,1.025404329077579,0
1.2969108825474982,,1.221178279597557,1.2743320051282074,0.643271813266055,1
0.7604448174354067,0.13032674174496148,0.46528624463388146,1.0774098287824494,1.4250126406764996,0
1.2960363470968876,1.1492593500306345,0.2709784880874936,0.4146957832022484,2.1511989981085398,0
1.6192715319130069,1.3382066555043792,0.9331838343335034,1.9914626822411035,2.376739611915557,1
1.1739232136867666,0.1148523995627098,1.3990068907622981,0.9452856262993081,0.6501806158427702,0
1.6124819693670123,0.16864186864827352,0.8578877592611307,0.15901122656817512,1.5970240128424318,0
0.6207705405037118,0.833221865452879,2.0290205972930897,0.7902261706522129,1.1981728942892875,0
1.1784221124852774,0.21286525652712862,1.72633247169173,2.1251358710295207,0.6852435281254193,1
2.3398523435275953,0.472699532370869,1.3676683688285594,1.838359042994847,1.7258701961698453,0
2.5550331568327005,0.3694316894606993,0.5160536012274588,0.18475227284030948,1.4062625313478732,0
2.0596265192376233,0.6278933377832894,0.16821320665979167,0.34677707340240893,0.8055578440758284,0
0.10296629460269169,0.3224159827111273,1.16098060198497,1.351782408476867,0.9537361630222605,0
1.836088843811631,0.5908873624308213,0.37017642460446254,0.29062519774702067,1.1678755838544543,0
0.0329862669194223,1.0149226916583425,2.051526995739128,1.2344820737110318,0.5052053583579919,0
1.2538431061287105,,1.3839445321074733,1.674095461868779,1.9808051507128255,1
2.0818005716926673,1.7621241390440652,1.2382669631771015,0.24542393002221408,1.7719224265312479,1
0.6240716701835098,0.9234724168418338,1.895892591556037,1.334130162087153,0.5404254367645246,0
0.2591103670903312,0.842706018698451,0.15075321449921164,0.4765202065008436,1.1418597032186464,1
0.7416931540968884,0.158673505479252,0.06998201610513521,1.4043319854035365,0.996765433328618,1
2.3276930361173007,0.17393507162042818,1.4702021911836851,0.4629039574319227,1.265659253758666,1
1.1229367787789142,0.30414753568780306,0.9003404259158289,0.14039141922941656,0.2815854506602693,1
0.6200844646946944,0.8074422250742472,2.1052229896677215,1.9060606936446887,1.6670915647154543,0
1.0247167477359356,0.9420029169365649,1.0109678870289993,0.6536182406315925,0.7094028291294177,1
0.8449502501996414,,1.845452188592141,1.758428312080615,1.7224035928510286,1
1.6050016420522883,0.2689635141233141,0.45629990138829335,2.0638332195472016,1.8184874410958538,1
0.4981280778388255,0.3853700006509044,1.8777120515656054,3.7823591831978183,1.4384411007744398,1
2.976877637895299,1.2305604288692062,0.8687005279934941,0.4031710267130717,1.1735455856427577,0
0.9932939319197731,0.5238998283439267,1.1266590848338125,0.9700927980233677,0.7635194654849948,0
0.2635044268232396,1.2644249196175634,0.997057385521995,1.279995312258476,0.1685160212554988,0
1.805547928030078,1.0631733557393501,1.3299712218977007,1.5100613127988685,0.7555780069517345,1
0.21594887733194557,0.5333455591395808,0.47125078965651723,1.1545514959480776,0.62194801329591,1
2.3218350608255633,0.08438819432830247,1.7912294636627786,1.890069946012835,2.9498312341140527,1
1.192670576154697,0.24397213827568137,1.7991100801098705,2.1027358003692447,0.6747314529927895,1
2.586440205842133,0.3246885816350844,1.8472520635990737,2.0699186598549235,2.632297326653055,1
0.05067568422981006,1.2144176737775647,0.7548944278192419,1.5757382208382236,0.07703909009720777,1
1.1273149899135193,1.3810073074529978,0.8870800205343887,1.4338207725688885,0.04333317495596456,0
1.4578745255445122,1.9542972380253116,1.2919763593441143,0.778629596802821,2.365929101794192,0
1.301348013544591,0.129683909565276,0.4163295670355651,1.5440172256842182,1.6473189383006508,0
1.0323260116093804,1.7963239264846849,1.1710929823259133,0.8192496003916976,2.325431117297577,0
1.5655286753054691,0.37981143848508736,0.8345968289419448,0.16933188162449486,1.9192600445688721,1
1.3819829617036716,0.2607698462560682,1.746058059263938,0.30041149767758957,3.321568173584046,1
0.849814701172863,1.1479358182093777,0.5294355002408015,0.7386191953031424,0.21983878874798357,1
0.5982736046886323,0.5091677699249623,2.599807189534844,0.48261275844754037,3.082201962833161,1
1.8344819143753264,0.5758418716989405,0.32718037259912947,0.5900655121398818,2.927157459611476,1
0.3566153623515289,0.32930914524949534,2.4782731513971523,1.889673265027267,0.2810691666914913,0
0.9718903205528796,0.44978160392694433,1.8133388804320463,0.6297991733819579,1.93749521496692,1
0.27975813006488115,0.00865017730891855,1.1811628512504784,1.5292370688924035,0.39282302005777914,0
0.6564444359461816,1.4644422334136675,1.57858369632747,0.3243278212713867,0.9052637165964605,1
0.43689799091224035,0.7993933586204381,0.5636853900158576,0.9577614609083174,1.2154328400990684,0
1.60951204297635,,0.6599961254589015,0.6054108180688,1.3720272014473194,0
1.0478282160116756,,0.33098986462016255,0.7308137632842702,0.3637920659734506,0
0.8886479309951865,0.002720195109112664,1.0638665142586867,1.0297939544513317,1.4930103600849243,1
1.6963723758786342,1.6065473862883348,0.46085089581786876,0.5188341102030164,1.8807893741101105,0
1.5627285120472925,0.2802393847441911,1.0797472504039543,0.39493184007236226,0.8986365760873548,0
3.280410577855651,0.05435147854701664,0.7157056553155885,2.3234101847837554,0.5012862713364286,0
1.6294299556580853,0.004499548768524415,1.1289599158793837,0.7871411966124984,1.5776644476478028,0
0.074513611201944,0.25564770385042956,1.401779405786022,0.8570287564945183,0.5671377230646821,1
1.1860393132188705,0.03360131664398963,1.8869128157555006,2.2013725270041604,1.253648154327787,1
1.1014448594527044,0.5854749912240685,3.594033472360188,3.312865902898322,0.7706806957225312,0
0.24621398936547068,1.820147821995829,0.5511259228876795,1.2101232260921275,0.40467566882267236,0
1.6746631151502693,0.32288640457860635,1.0864442132322005,0.07010399258790578,0.23247118338478234,1
0.7529088045616676,0.6371690707015035,1.2697656437912146,2.7392769060465163,2.101357817467063,1
0.9421048001518385,,1.4465880703090082,1.8661637722884825,1.5361400334678101,1
1.2991201962017676,0.5242041709015466,2.59940034519016,2.454531319048532,0.4480450970690453,0
3.0554767905549145,0.24376302151305274,0.32048796237744326,0.04753479067722477,2.6915938627125806,1
1.4732057973110206,0.8495852645378883,0.7750172074508301,0.381369506697125,1.2155472764371402,1
2.5190255761573335,1.3246987049730505,1.7840505021241766,0.9271011704892093,2.6170365633851898,0
3.296685421304095,0.5141952527473013,1.1090332177903353,1.0383066326437822,2.1720713200588886,1
4.947865023348086,0.5569288076849619,0.6051325832293133,1.0533123352029095,2.580594233603771,0
0.8167060122084853,1.0945758204543252,1.0501614167324023,0.33740635944455866,2.3871518406246275,1
0.09391931400536913,0.10380668113433723,0.222244025618478,1.6437509027705373,0.987559916091687,1
1.140638725478183,0.02238280539187233,0.5225651521734364,1.6087498625898804,3.4181863341652763,1
0.6805560755332013,0.6535111993330405,1.0502320414255335,3.0530930422349645,1.620855885008097,1
2.5665153503265454,0.8805076638785394,1.5950985847241048,2.3983340003069182,0.5813409326849048,0
1.1032603726310866,,1.2055298936313934,1.1414899042461344,1.025347814977891,0
1.6914647013295694,0.17188483425132947,1.1159216382283281,1.4465108240915725,1.5666963519273507,1
